[warn] 유니버스 us_top300.csv 44일 경과 — 시총 stale. build_top300.py 재빌드 권장(주1회).
[dl] yfinance 배치 301종목 4mo …
[dl] 완료 → prices_2026-08-28.pkl
[flow] 300종목 축 계산 …
  … 50/300
  … 100/300
  … 150/300
  … 200/300
  … 250/300
  … 300/300
[axis] velocity 측정 50/299 = 16.7% → 속도축 제외(전원 3축) · 기준 80% (D225-KR)
🚨 [axis] 뉴스축이 이 런에서 **죽었다** (측정 16.7%). 「기사가 없다」가 아니라 「세지 못했다」일 가능성이 높다 — 뉴스 검색은 원격 API 를 타고, 그 터널이 끊기면 velocity 가 전부 None 이 되는데 그게 '무기사'와 구분되지 않는다.
   확인: python -X utf8 -m module_news_data fts search 삼성전자 --days 7 --count · 로컬 폴백 색인 존재 여부 · DEGAJA_NEWS_API
   ⚠ 예전 구현은 이 상황에서 축을 조용히 드롭해 **전 종목 점수를 평균 +0.305 부풀렸다.** 지금은 전원 동일 축으로 매기고 이 줄을 남긴다.
{
  "asof": "2026-08-28",
  "scoring": {
    "vel_axis": false,
    "vel_coverage": 0.1672,
    "n_axes": 3,
    "scored": 299,
    "dropped_missing_axis": 0
  },
  "universe": {
    "n": 299,
    "n_requested": 300,
    "wflow": -0.208,
    "green": 4,
    "red": 76
  },
  "sector_rotation": [
    {
      "sector": "Materials",
      "n": 12,
      "wflow": 0.146,
      "eqflow": 0.087,
      "green": 0,
      "red": 0,
      "breadth": 0.0,
      "delta": 0.134,
      "top1": "LIN",
      "top1_name": "Linde plc",
      "top1_w": 24.7,
      "wflow_ex_top1": 0.158,
      "top1_flips_sign": false
    },
    {
      "sector": "Information Technology",
      "n": 56,
      "wflow": 0.035,
      "eqflow": -0.029,
      "green": 2,
      "red": 10,
      "breadth": 0.04,
      "delta": 0.19,
      "top1": "NVDA",
      "top1_name": "Nvidia",
      "top1_w": 19.4,
      "wflow_ex_top1": -0.042,
      "top1_flips_sign": true
    },
    {
      "sector": "Health Care",
      "n": 32,
      "wflow": -0.046,
      "eqflow": 0.057,
      "green": 2,
      "red": 3,
      "breadth": 0.06,
      "delta": -0.013,
      "top1": "LLY",
      "top1_name": "Lilly (Eli)",
      "top1_w": 19.4,
      "wflow_ex_top1": 0.023,
      "top1_flips_sign": true
    },
    {
      "sector": "Financials",
      "n": 47,
      "wflow": -0.196,
      "eqflow": -0.18,
      "green": 0,
      "red": 9,
      "breadth": 0.0,
      "delta": -0.053,
      "top1": "BRK-B",
      "top1_name": "Berkshire Hathaway",
      "top1_w": 13.9,
      "wflow_ex_top1": -0.124,
      "top1_flips_sign": false
    },
    {
      "sector": "Energy",
      "n": 16,
      "wflow": -0.205,
      "eqflow": -0.093,
      "green": 0,
      "red": 3,
      "breadth": 0.0,
      "delta": -0.114,
      "top1": "XOM",
      "top1_name": "ExxonMobil",
      "top1_w": 30.5,
      "wflow_ex_top1": -0.045,
      "top1_flips_sign": false
    },
    {
      "sector": "Industrials",
      "n": 50,
      "wflow": -0.321,
      "eqflow": -0.311,
      "green": 0,
      "red": 18,
      "breadth": 0.0,
      "delta": -0.107,
      "top1": "CAT",
      "top1_name": "Caterpillar Inc.",
      "top1_w": 8.7,
      "wflow_ex_top1": -0.304,
      "top1_flips_sign": false
    },
    {
      "sector": "Real Estate",
      "n": 12,
      "wflow": -0.368,
      "eqflow": -0.384,
      "green": 0,
      "red": 4,
      "breadth": 0.0,
      "delta": 0.014,
      "top1": "WELL",
      "top1_name": "Welltower",
      "top1_w": 16.9,
      "wflow_ex_top1": -0.446,
      "top1_flips_sign": false
    },
    {
      "sector": "Consumer Staples",
      "n": 19,
      "wflow": -0.382,
      "eqflow": -0.282,
      "green": 0,
      "red": 4,
      "breadth": 0.0,
      "delta": -0.026,
      "top1": "WMT",
      "top1_name": "Walmart",
      "top1_w": 28.9,
      "wflow_ex_top1": -0.266,
      "top1_flips_sign": false
    },
    {
      "sector": "Consumer Discretionary",
      "n": 28,
      "wflow": -0.424,
      "eqflow": -0.377,
      "green": 0,
      "red": 14,
      "breadth": 0.0,
      "delta": -0.271,
      "top1": "AMZN",
      "top1_name": "Amazon",
      "top1_w": 40.2,
      "wflow_ex_top1": -0.06,
      "top1_flips_sign": false
    },
    {
      "sector": "Utilities",
      "n": 15,
      "wflow": -0.57,
      "eqflow": -0.546,
      "green": 0,
      "red": 8,
      "breadth": 0.0,
      "delta": 0.008,
      "top1": "NEE",
      "top1_name": "NextEra Energy",
      "top1_w": 17.7,
      "wflow_ex_top1": -0.55,
      "top1_flips_sign": false
    },
    {
      "sector": "Communication Services",
      "n": 12,
      "wflow": -0.601,
      "eqflow": -0.056,
      "green": 0,
      "red": 3,
      "breadth": 0.0,
      "delta": -0.335,
      "top1": "GOOGL",
      "top1_name": "Alphabet Inc. (Class A)",
      "top1_w": 38.3,
      "wflow_ex_top1": -0.464,
      "top1_flips_sign": false
    }
  ],
  "names": [
    {
      "ticker": "CRM",
      "name": "Salesforce",
      "sector": "Information Technology",
      "industry": "Application Software",
      "mcap": 124307819000.0,
      "flow_score": 0.828,
      "tag": "🟢가속",
      "velocity": null,
      "last": 257.3,
      "obv_norm": 0.226,
      "obv_state": "매집",
      "rs20": 36.5,
      "rs60": 32.6,
      "vol_surge": 1.29,
      "delta": 0.458,
      "new_green": true
    },
    {
      "ticker": "A",
      "name": "Agilent Technologies",
      "sector": "Health Care",
      "industry": "Life Sciences Tools & Services",
      "mcap": 35885802115.0,
      "flow_score": 0.778,
      "tag": "🟢가속",
      "velocity": null,
      "last": 155.15,
      "obv_norm": 0.432,
      "obv_state": "매집",
      "rs20": 8.8,
      "rs60": 10.5,
      "vol_surge": 1.2,
      "delta": 0.006,
      "new_green": true
    },
    {
      "ticker": "MSTR",
      "name": "MicroStrategy",
      "sector": "Information Technology",
      "industry": "Application Software",
      "mcap": 39954190964.0,
      "flow_score": 0.767,
      "tag": "🟡중립",
      "velocity": null,
      "last": 134.59,
      "obv_norm": 0.559,
      "obv_state": "매집",
      "rs20": 40.9,
      "rs60": 4.0,
      "vol_surge": 1.18,
      "delta": -0.022,
      "new_green": false
    },
    {
      "ticker": "SNPS",
      "name": "Synopsys",
      "sector": "Information Technology",
      "industry": "Application Software",
      "mcap": 87220749200.0,
      "flow_score": 0.735,
      "tag": "🟡중립",
      "velocity": null,
      "last": 456.74,
      "obv_norm": 0.145,
      "obv_state": "매집",
      "rs20": 14.1,
      "rs60": -10.7,
      "vol_surge": 1.18,
      "delta": 0.212,
      "new_green": false
    },
    {
      "ticker": "TGT",
      "name": "Target Corporation",
      "sector": "Consumer Staples",
      "industry": "Consumer Staples Merchandise Retail",
      "mcap": 59380948477.0,
      "flow_score": 0.694,
      "tag": "🟡중립",
      "velocity": null,
      "last": 163.79,
      "obv_norm": 0.304,
      "obv_state": "매집",
      "rs20": 10.0,
      "rs60": 28.9,
      "vol_surge": 1.05,
      "delta": -0.039,
      "new_green": false
    },
    {
      "ticker": "FCX",
      "name": "Freeport-McMoRan",
      "sector": "Materials",
      "industry": "Copper",
      "mcap": 98731611966.0,
      "flow_score": 0.65,
      "tag": "🟡중립",
      "velocity": null,
      "last": 77.92,
      "obv_norm": 0.359,
      "obv_state": "매집",
      "rs20": 21.0,
      "rs60": 7.9,
      "vol_surge": 0.97,
      "delta": -0.106,
      "new_green": false
    },
    {
      "ticker": "COIN",
      "name": "Coinbase",
      "sector": "Financials",
      "industry": "Financial Exchanges & Data",
      "mcap": 43012603209.0,
      "flow_score": 0.639,
      "tag": "🟡중립",
      "velocity": null,
      "last": 186.42,
      "obv_norm": 0.344,
      "obv_state": "매집",
      "rs20": 24.1,
      "rs60": 11.8,
      "vol_surge": 0.95,
      "delta": -0.189,
      "new_green": false
    },
    {
      "ticker": "INTU",
      "name": "Intuit",
      "sector": "Information Technology",
      "industry": "Application Software",
      "mcap": 73034379000.0,
      "flow_score": 0.612,
      "tag": "🟡중립",
      "velocity": null,
      "last": 346.92,
      "obv_norm": 0.118,
      "obv_state": "매집",
      "rs20": 6.4,
      "rs60": 9.0,
      "vol_surge": 1.18,
      "delta": 0.202,
      "new_green": false
    },
    {
      "ticker": "MRK",
      "name": "Merck & Co.",
      "sector": "Health Care",
      "industry": "Pharmaceuticals",
      "mcap": 281238912919.0,
      "flow_score": 0.611,
      "tag": "🟡중립",
      "velocity": 0.92,
      "last": 147.43,
      "obv_norm": 0.291,
      "obv_state": "매집",
      "rs20": 9.9,
      "rs60": 26.2,
      "vol_surge": 0.9,
      "delta": -0.078,
      "new_green": false
    },
    {
      "ticker": "ABNB",
      "name": "Airbnb",
      "sector": "Consumer Discretionary",
      "industry": "Hotels, Resorts & Cruise Lines",
      "mcap": 84521038257.0,
      "flow_score": 0.583,
      "tag": "🟡중립",
      "velocity": null,
      "last": 186.48,
      "obv_norm": 0.244,
      "obv_state": "매집",
      "rs20": 19.7,
      "rs60": 37.2,
      "vol_surge": 0.85,
      "delta": 0.016,
      "new_green": false
    },
    {
      "ticker": "MPC",
      "name": "Marathon Petroleum",
      "sector": "Energy",
      "industry": "Oil & Gas Refining & Marketing",
      "mcap": 70914329076.0,
      "flow_score": 0.567,
      "tag": "🟡중립",
      "velocity": null,
      "last": 366.1,
      "obv_norm": 0.304,
      "obv_state": "매집",
      "rs20": 12.3,
      "rs60": 34.6,
      "vol_surge": 0.82,
      "delta": 0.017,
      "new_green": false
    },
    {
      "ticker": "NEM",
      "name": "Newmont",
      "sector": "Materials",
      "industry": "Gold",
      "mcap": 110801302352.0,
      "flow_score": 0.544,
      "tag": "🟡중립",
      "velocity": null,
      "last": 131.67,
      "obv_norm": 0.586,
      "obv_state": "매집",
      "rs20": 37.2,
      "rs60": 20.1,
      "vol_surge": 0.78,
      "delta": -0.056,
      "new_green": false
    },
    {
      "ticker": "ADSK",
      "name": "Autodesk",
      "sector": "Information Technology",
      "industry": "Application Software",
      "mcap": 40924174095.0,
      "flow_score": 0.535,
      "tag": "🟡중립",
      "velocity": null,
      "last": 260.48,
      "obv_norm": 0.432,
      "obv_state": "매집",
      "rs20": 7.9,
      "rs60": 11.1,
      "vol_surge": 0.77,
      "delta": 0.096,
      "new_green": false
    },
    {
      "ticker": "DASH",
      "name": "DoorDash",
      "sector": "Consumer Discretionary",
      "industry": "Specialized Consumer Services",
      "mcap": 75579772443.0,
      "flow_score": 0.528,
      "tag": "🟡중립",
      "velocity": null,
      "last": 234.01,
      "obv_norm": 0.669,
      "obv_state": "매집",
      "rs20": 15.9,
      "rs60": 49.0,
      "vol_surge": 0.75,
      "delta": -0.011,
      "new_green": false
    },
    {
      "ticker": "SLB",
      "name": "Schlumberger",
      "sector": "Energy",
      "industry": "Oil & Gas Equipment & Services",
      "mcap": 71897323145.0,
      "flow_score": 0.499,
      "tag": "🟡중립",
      "velocity": null,
      "last": 54.9,
      "obv_norm": 0.247,
      "obv_state": "매집",
      "rs20": 7.3,
      "rs60": -5.8,
      "vol_surge": 0.75,
      "delta": 0.11,
      "new_green": false
    },
    {
      "ticker": "DIS",
      "name": "Walt Disney Company (The)",
      "sector": "Communication Services",
      "industry": "Movies & Entertainment",
      "mcap": 180406170779.0,
      "flow_score": 0.494,
      "tag": "🟡중립",
      "velocity": null,
      "last": 107.42,
      "obv_norm": 0.566,
      "obv_state": "매집",
      "rs20": 8.3,
      "rs60": 5.7,
      "vol_surge": 0.69,
      "delta": 0.022,
      "new_green": false
    },
    {
      "ticker": "AMGN",
      "name": "Amgen",
      "sector": "Health Care",
      "industry": "Biotechnology",
      "mcap": 182205516596.0,
      "flow_score": 0.489,
      "tag": "🟡중립",
      "velocity": null,
      "last": 433.52,
      "obv_norm": 0.228,
      "obv_state": "매집",
      "rs20": 9.2,
      "rs60": 25.8,
      "vol_surge": 0.68,
      "delta": -0.017,
      "new_green": false
    },
    {
      "ticker": "HOOD",
      "name": "Robinhood Markets",
      "sector": "Financials",
      "industry": "Investment Banking & Brokerage",
      "mcap": 97389623288.0,
      "flow_score": 0.489,
      "tag": "🟡중립",
      "velocity": null,
      "last": 108.71,
      "obv_norm": 0.271,
      "obv_state": "매집",
      "rs20": 22.2,
      "rs60": 28.8,
      "vol_surge": 0.68,
      "delta": -0.161,
      "new_green": false
    },
    {
      "ticker": "ALNY",
      "name": "Alnylam Pharmaceuticals",
      "sector": "Health Care",
      "industry": "Biotechnology",
      "mcap": 37128510936.0,
      "flow_score": 0.489,
      "tag": "🟡중립",
      "velocity": null,
      "last": 230.03,
      "obv_norm": 0.172,
      "obv_state": "매집",
      "rs20": 8.6,
      "rs60": -23.7,
      "vol_surge": 0.68,
      "delta": -0.028,
      "new_green": false
    },
    {
      "ticker": "TSLA",
      "name": "Tesla, Inc.",
      "sector": "Consumer Discretionary",
      "industry": "Automobile Manufacturers",
      "mcap": 1504129816419.0,
      "flow_score": 0.483,
      "tag": "🟡중립",
      "velocity": 1.03,
      "last": 357.31,
      "obv_norm": 0.257,
      "obv_state": "매집",
      "rs20": 11.5,
      "rs60": -18.0,
      "vol_surge": 0.67,
      "delta": -0.078,
      "new_green": false
    },
    {
      "ticker": "MRVL",
      "name": "Marvell Technology",
      "sector": "Information Technology",
      "industry": "Semiconductors",
      "mcap": 271695372253.0,
      "flow_score": 0.483,
      "tag": "🟢가속",
      "velocity": 1.9,
      "last": 222.11,
      "obv_norm": 0.178,
      "obv_state": "매집",
      "rs20": 15.1,
      "rs60": -28.7,
      "vol_surge": 0.67,
      "delta": 0.066,
      "new_green": false
    },
    {
      "ticker": "LITE",
      "name": "Lumentum",
      "sector": "Information Technology",
      "industry": "Communications Equipment",
      "mcap": 66130000000.0,
      "flow_score": 0.483,
      "tag": "🟡중립",
      "velocity": null,
      "last": 927.8,
      "obv_norm": 0.329,
      "obv_state": "매집",
      "rs20": 26.6,
      "rs60": -3.5,
      "vol_surge": 0.67,
      "delta": 0.011,
      "new_green": false
    },
    {
      "ticker": "MSI",
      "name": "Motorola Solutions",
      "sector": "Information Technology",
      "industry": "Communications Equipment",
      "mcap": 65596476367.0,
      "flow_score": 0.483,
      "tag": "🟡중립",
      "velocity": null,
      "last": 485.79,
      "obv_norm": 0.325,
      "obv_state": "매집",
      "rs20": 8.1,
      "rs60": 16.6,
      "vol_surge": 0.67,
      "delta": -0.084,
      "new_green": false
    },
    {
      "ticker": "QCOM",
      "name": "Qualcomm",
      "sector": "Information Technology",
      "industry": "Semiconductors",
      "mcap": 238319940643.0,
      "flow_score": 0.465,
      "tag": "🟡중립",
      "velocity": null,
      "last": 163.89,
      "obv_norm": 0.374,
      "obv_state": "매집",
      "rs20": 7.7,
      "rs60": -36.8,
      "vol_surge": 0.66,
      "delta": 0.157,
      "new_green": false
    },
    {
      "ticker": "ADBE",
      "name": "Adobe Inc.",
      "sector": "Information Technology",
      "industry": "Application Software",
      "mcap": 77576101455.0,
      "flow_score": 0.456,
      "tag": "🟡중립",
      "velocity": null,
      "last": 290.58,
      "obv_norm": 0.386,
      "obv_state": "매집",
      "rs20": 12.7,
      "rs60": 11.0,
      "vol_surge": 0.62,
      "delta": 0.045,
      "new_green": false
    },
    {
      "ticker": "PLTR",
      "name": "Palantir Technologies",
      "sector": "Information Technology",
      "industry": "Application Software",
      "mcap": 307982672611.0,
      "flow_score": 0.45,
      "tag": "🟡중립",
      "velocity": 0.66,
      "last": 186.66,
      "obv_norm": 0.244,
      "obv_state": "매집",
      "rs20": 48.3,
      "rs60": 28.9,
      "vol_surge": 0.61,
      "delta": -0.006,
      "new_green": false
    },
    {
      "ticker": "GILD",
      "name": "Gilead Sciences",
      "sector": "Health Care",
      "industry": "Biotechnology",
      "mcap": 153656690258.0,
      "flow_score": 0.45,
      "tag": "🟡중립",
      "velocity": null,
      "last": 147.65,
      "obv_norm": 0.349,
      "obv_state": "매집",
      "rs20": 10.0,
      "rs60": 12.1,
      "vol_surge": 0.61,
      "delta": -0.006,
      "new_green": false
    },
    {
      "ticker": "NOW",
      "name": "ServiceNow",
      "sector": "Information Technology",
      "industry": "Systems Software",
      "mcap": 98015513264.0,
      "flow_score": 0.444,
      "tag": "🟡중립",
      "velocity": null,
      "last": 141.43,
      "obv_norm": 0.345,
      "obv_state": "매집",
      "rs20": 23.8,
      "rs60": 17.6,
      "vol_surge": 0.6,
      "delta": 0.077,
      "new_green": false
    },
    {
      "ticker": "PFE",
      "name": "Pfizer",
      "sector": "Health Care",
      "industry": "Pharmaceuticals",
      "mcap": 143682982282.0,
      "flow_score": 0.428,
      "tag": "🟡중립",
      "velocity": null,
      "last": 27.93,
      "obv_norm": 0.417,
      "obv_state": "매집",
      "rs20": 8.3,
      "rs60": 7.9,
      "vol_surge": 0.57,
      "delta": -0.016,
      "new_green": false
    },
    {
      "ticker": "CVNA",
      "name": "Carvana",
      "sector": "Consumer Discretionary",
      "industry": "Automotive Retail",
      "mcap": 47676153156.0,
      "flow_score": 0.422,
      "tag": "🟡중립",
      "velocity": null,
      "last": 75.84,
      "obv_norm": 0.327,
      "obv_state": "매집",
      "rs20": 18.3,
      "rs60": 16.8,
      "vol_surge": 0.56,
      "delta": -0.078,
      "new_green": false
    },
    {
      "ticker": "WAT",
      "name": "Waters Corporation",
      "sector": "Health Care",
      "industry": "Life Sciences Tools & Services",
      "mcap": 34899180540.0,
      "flow_score": 0.422,
      "tag": "🟡중립",
      "velocity": null,
      "last": 420.0,
      "obv_norm": 0.243,
      "obv_state": "매집",
      "rs20": 8.0,
      "rs60": 8.2,
      "vol_surge": 0.56,
      "delta": 0.03,
      "new_green": false
    },
    {
      "ticker": "WBD",
      "name": "Warner Bros. Discovery",
      "sector": "Communication Services",
      "industry": "Broadcasting",
      "mcap": 65686983505.0,
      "flow_score": 0.415,
      "tag": "🟡중립",
      "velocity": null,
      "last": 28.91,
      "obv_norm": 0.515,
      "obv_state": "매집",
      "rs20": 6.5,
      "rs60": 4.7,
      "vol_surge": 0.66,
      "delta": -0.074,
      "new_green": false
    },
    {
      "ticker": "CRWD",
      "name": "CrowdStrike",
      "sector": "Information Technology",
      "industry": "Systems Software",
      "mcap": 174341258896.0,
      "flow_score": 0.412,
      "tag": "🟡중립",
      "velocity": null,
      "last": 218.25,
      "obv_norm": -0.002,
      "obv_state": "중립",
      "rs20": 11.0,
      "rs60": 14.4,
      "vol_surge": 1.15,
      "delta": 0.284,
      "new_green": false
    },
    {
      "ticker": "SHOP",
      "name": "Shopify",
      "sector": "Information Technology",
      "industry": "Application Software",
      "mcap": 141249702318.0,
      "flow_score": 0.406,
      "tag": "🟡중립",
      "velocity": null,
      "last": 155.42,
      "obv_norm": 0.473,
      "obv_state": "매집",
      "rs20": 29.3,
      "rs60": 35.2,
      "vol_surge": 0.53,
      "delta": 0.017,
      "new_green": false
    },
    {
      "ticker": "UBER",
      "name": "Uber",
      "sector": "Industrials",
      "industry": "Passenger Ground Transportation",
      "mcap": 145830312048.0,
      "flow_score": 0.404,
      "tag": "🟡중립",
      "velocity": null,
      "last": 77.86,
      "obv_norm": 0.296,
      "obv_state": "매집",
      "rs20": 7.3,
      "rs60": 6.2,
      "vol_surge": 0.58,
      "delta": 0.105,
      "new_green": false
    },
    {
      "ticker": "TMO",
      "name": "Thermo Fisher Scientific",
      "sector": "Health Care",
      "industry": "Life Sciences Tools & Services",
      "mcap": 172659043409.0,
      "flow_score": 0.383,
      "tag": "🟡중립",
      "velocity": null,
      "last": 627.86,
      "obv_norm": 0.189,
      "obv_state": "매집",
      "rs20": 6.0,
      "rs60": 30.1,
      "vol_surge": 0.64,
      "delta": -0.023,
      "new_green": false
    },
    {
      "ticker": "BDX",
      "name": "Becton Dickinson",
      "sector": "Health Care",
      "industry": "Health Care Equipment",
      "mcap": 39672309502.0,
      "flow_score": 0.383,
      "tag": "🟡중립",
      "velocity": null,
      "last": 188.77,
      "obv_norm": 0.249,
      "obv_state": "매집",
      "rs20": 10.6,
      "rs60": 27.3,
      "vol_surge": 0.49,
      "delta": -0.061,
      "new_green": false
    },
    {
      "ticker": "ORCL",
      "name": "Oracle Corporation",
      "sector": "Information Technology",
      "industry": "Application Software",
      "mcap": 530026498030.0,
      "flow_score": 0.378,
      "tag": "🟡중립",
      "velocity": 0.94,
      "last": 153.26,
      "obv_norm": 0.315,
      "obv_state": "매집",
      "rs20": 14.7,
      "rs60": -35.8,
      "vol_surge": 0.48,
      "delta": 0.034,
      "new_green": false
    },
    {
      "ticker": "HPE",
      "name": "Hewlett Packard Enterprise",
      "sector": "Information Technology",
      "industry": "Technology Hardware, Storage & Peripherals",
      "mcap": 62780488728.0,
      "flow_score": 0.376,
      "tag": "🟡중립",
      "velocity": null,
      "last": 53.56,
      "obv_norm": 0.146,
      "obv_state": "매집",
      "rs20": 8.5,
      "rs60": -5.3,
      "vol_surge": 0.53,
      "delta": 0.015,
      "new_green": false
    },
    {
      "ticker": "MU",
      "name": "Micron Technology",
      "sector": "Information Technology",
      "industry": "Semiconductors",
      "mcap": 1278839125480.0,
      "flow_score": 0.367,
      "tag": "🟡중립",
      "velocity": 1.05,
      "last": 922.0,
      "obv_norm": 0.166,
      "obv_state": "매집",
      "rs20": 8.7,
      "rs60": -17.0,
      "vol_surge": 0.46,
      "delta": 0.223,
      "new_green": false
    },
    {
      "ticker": "BX",
      "name": "Blackstone Inc.",
      "sector": "Financials",
      "industry": "Asset Management & Custody Banks",
      "mcap": 151303812984.0,
      "flow_score": 0.367,
      "tag": "🟡중립",
      "velocity": null,
      "last": 144.43,
      "obv_norm": 0.245,
      "obv_state": "매집",
      "rs20": 9.7,
      "rs60": 28.6,
      "vol_surge": 0.46,
      "delta": 0.036,
      "new_green": false
    },
    {
      "ticker": "ACN",
      "name": "Accenture",
      "sector": "Information Technology",
      "industry": "IT Consulting & Other Services",
      "mcap": 78316353164.0,
      "flow_score": 0.361,
      "tag": "🟡중립",
      "velocity": null,
      "last": 191.0,
      "obv_norm": 0.296,
      "obv_state": "매집",
      "rs20": 11.8,
      "rs60": 5.3,
      "vol_surge": 0.45,
      "delta": 0.0,
      "new_green": false
    },
    {
      "ticker": "AXON",
      "name": "Axon Enterprise",
      "sector": "Industrials",
      "industry": "Aerospace & Defense",
      "mcap": 34126918909.0,
      "flow_score": 0.361,
      "tag": "🟡중립",
      "velocity": null,
      "last": 612.29,
      "obv_norm": 0.297,
      "obv_state": "매집",
      "rs20": 12.7,
      "rs60": 24.8,
      "vol_surge": 0.45,
      "delta": -0.011,
      "new_green": false
    },
    {
      "ticker": "NVDA",
      "name": "Nvidia",
      "sector": "Information Technology",
      "industry": "Semiconductors",
      "mcap": 5103122549133.0,
      "flow_score": 0.358,
      "tag": "🟡중립",
      "velocity": 1.42,
      "last": 227.46,
      "obv_norm": -0.028,
      "obv_state": "중립",
      "rs20": 9.9,
      "rs60": 3.5,
      "vol_surge": 1.15,
      "delta": 0.218,
      "new_green": false
    },
    {
      "ticker": "ANET",
      "name": "Arista Networks",
      "sector": "Information Technology",
      "industry": "Communications Equipment",
      "mcap": 213643276239.0,
      "flow_score": 0.357,
      "tag": "🟡중립",
      "velocity": null,
      "last": 197.79,
      "obv_norm": 0.229,
      "obv_state": "매집",
      "rs20": 6.3,
      "rs60": 11.1,
      "vol_surge": 0.57,
      "delta": -0.126,
      "new_green": false
    },
    {
      "ticker": "COHR",
      "name": "Coherent Corp.",
      "sector": "Information Technology",
      "industry": "Electronic Components",
      "mcap": 76215211714.0,
      "flow_score": 0.356,
      "tag": "🟡중립",
      "velocity": null,
      "last": 282.54,
      "obv_norm": 0.158,
      "obv_state": "매집",
      "rs20": 4.1,
      "rs60": -34.7,
      "vol_surge": 0.74,
      "delta": -0.194,
      "new_green": false
    },
    {
      "ticker": "NFLX",
      "name": "Netflix",
      "sector": "Communication Services",
      "industry": "Movies & Entertainment",
      "mcap": 325831578531.0,
      "flow_score": 0.355,
      "tag": "🟡중립",
      "velocity": 1.13,
      "last": 80.6,
      "obv_norm": 0.149,
      "obv_state": "매집",
      "rs20": 9.0,
      "rs60": -3.5,
      "vol_surge": 0.48,
      "delta": 0.172,
      "new_green": false
    },
    {
      "ticker": "VRTX",
      "name": "Vertex Pharmaceuticals",
      "sector": "Health Care",
      "industry": "Biotechnology",
      "mcap": 114626141718.0,
      "flow_score": 0.344,
      "tag": "🟡중립",
      "velocity": null,
      "last": 545.2,
      "obv_norm": 0.286,
      "obv_state": "매집",
      "rs20": 10.9,
      "rs60": 24.9,
      "vol_surge": 0.42,
      "delta": -0.017,
      "new_green": false
    },
    {
      "ticker": "HUM",
      "name": "Humana",
      "sector": "Health Care",
      "industry": "Managed Health Care",
      "mcap": 43300179242.0,
      "flow_score": 0.339,
      "tag": "🟡중립",
      "velocity": null,
      "last": 394.99,
      "obv_norm": 0.356,
      "obv_state": "매집",
      "rs20": 5.2,
      "rs60": 18.2,
      "vol_surge": 0.62,
      "delta": 0.104,
      "new_green": false
    },
    {
      "ticker": "CMCSA",
      "name": "Comcast",
      "sector": "Communication Services",
      "industry": "Cable & Satellite",
      "mcap": 80125087623.0,
      "flow_score": 0.335,
      "tag": "🟡중립",
      "velocity": null,
      "last": 26.56,
      "obv_norm": 0.348,
      "obv_state": "매집",
      "rs20": 7.5,
      "rs60": 10.6,
      "vol_surge": 0.44,
      "delta": -0.021,
      "new_green": false
    },
    {
      "ticker": "VRT",
      "name": "Vertiv",
      "sector": "Industrials",
      "industry": "Electrical Components & Equipment",
      "mcap": 127927436479.0,
      "flow_score": 0.331,
      "tag": "🟡중립",
      "velocity": null,
      "last": 266.44,
      "obv_norm": 0.138,
      "obv_state": "매집",
      "rs20": 6.9,
      "rs60": -22.0,
      "vol_surge": 0.56,
      "delta": -0.069,
      "new_green": false
    },
    {
      "ticker": "BLK",
      "name": "BlackRock",
      "sector": "Financials",
      "industry": "Asset Management & Custody Banks",
      "mcap": 163009654203.0,
      "flow_score": 0.315,
      "tag": "🟡중립",
      "velocity": null,
      "last": 1171.39,
      "obv_norm": 0.177,
      "obv_state": "매집",
      "rs20": 4.1,
      "rs60": 15.8,
      "vol_surge": 0.66,
      "delta": 0.064,
      "new_green": false
    },
    {
      "ticker": "DHR",
      "name": "Danaher Corporation",
      "sector": "Health Care",
      "industry": "Life Sciences Tools & Services",
      "mcap": 125395720689.0,
      "flow_score": 0.311,
      "tag": "🟡중립",
      "velocity": null,
      "last": 215.63,
      "obv_norm": 0.251,
      "obv_state": "매집",
      "rs20": 7.2,
      "rs60": 18.7,
      "vol_surge": 0.42,
      "delta": 0.022,
      "new_green": false
    },
    {
      "ticker": "RSG",
      "name": "Republic Services",
      "sector": "Industrials",
      "industry": "Environmental & Facilities Services",
      "mcap": 63052678740.0,
      "flow_score": 0.307,
      "tag": "🟡중립",
      "velocity": null,
      "last": 220.7,
      "obv_norm": 0.162,
      "obv_state": "매집",
      "rs20": 1.5,
      "rs60": 5.7,
      "vol_surge": 0.84,
      "delta": 0.097,
      "new_green": false
    },
    {
      "ticker": "AJG",
      "name": "Arthur J. Gallagher & Co.",
      "sector": "Financials",
      "industry": "Insurance Brokers",
      "mcap": 55001003892.0,
      "flow_score": 0.289,
      "tag": "🟡중립",
      "velocity": null,
      "last": 263.79,
      "obv_norm": 0.217,
      "obv_state": "매집",
      "rs20": 2.4,
      "rs60": 27.9,
      "vol_surge": 0.74,
      "delta": 0.143,
      "new_green": false
    },
    {
      "ticker": "T",
      "name": "AT&T",
      "sector": "Communication Services",
      "industry": "Integrated Telecommunication Services",
      "mcap": 152932939348.0,
      "flow_score": 0.288,
      "tag": "🟡중립",
      "velocity": null,
      "last": 25.62,
      "obv_norm": 0.374,
      "obv_state": "매집",
      "rs20": 6.9,
      "rs60": 6.4,
      "vol_surge": 0.34,
      "delta": 0.059,
      "new_green": false
    },
    {
      "ticker": "ECL",
      "name": "Ecolab",
      "sector": "Materials",
      "industry": "Specialty Chemicals",
      "mcap": 75740459164.0,
      "flow_score": 0.286,
      "tag": "🟡중립",
      "velocity": null,
      "last": 287.58,
      "obv_norm": 0.228,
      "obv_state": "매집",
      "rs20": 0.2,
      "rs60": 10.1,
      "vol_surge": 0.9,
      "delta": -0.015,
      "new_green": false
    },
    {
      "ticker": "MSFT",
      "name": "Microsoft",
      "sector": "Information Technology",
      "industry": "Systems Software",
      "mcap": 2818348081358.0,
      "flow_score": 0.275,
      "tag": "🟡중립",
      "velocity": 0.9,
      "last": 507.39,
      "obv_norm": 0.442,
      "obv_state": "매집",
      "rs20": 5.8,
      "rs60": 16.4,
      "vol_surge": 0.46,
      "delta": 0.017,
      "new_green": false
    },
    {
      "ticker": "ADP",
      "name": "Automatic Data Processing",
      "sector": "Industrials",
      "industry": "Human Resource & Employment Services",
      "mcap": 87305965995.0,
      "flow_score": 0.275,
      "tag": "🟡중립",
      "velocity": null,
      "last": 285.63,
      "obv_norm": 0.257,
      "obv_state": "매집",
      "rs20": 3.8,
      "rs60": 23.0,
      "vol_surge": 0.61,
      "delta": -0.004,
      "new_green": false
    },
    {
      "ticker": "PCG",
      "name": "PG&E Corporation",
      "sector": "Utilities",
      "industry": "Multi-Utilities",
      "mcap": 36292662509.0,
      "flow_score": 0.271,
      "tag": "🟡중립",
      "velocity": null,
      "last": 18.26,
      "obv_norm": 0.282,
      "obv_state": "매집",
      "rs20": 1.7,
      "rs60": 6.0,
      "vol_surge": 0.76,
      "delta": 0.238,
      "new_green": false
    },
    {
      "ticker": "TRI",
      "name": "Thomson Reuters",
      "sector": "Industrials",
      "industry": "Research & Consulting Services",
      "mcap": 34303222610.0,
      "flow_score": 0.271,
      "tag": "🟡중립",
      "velocity": null,
      "last": 106.25,
      "obv_norm": 0.385,
      "obv_state": "매집",
      "rs20": 4.9,
      "rs60": 25.0,
      "vol_surge": 0.52,
      "delta": 0.136,
      "new_green": false
    },
    {
      "ticker": "DE",
      "name": "Deere & Company",
      "sector": "Industrials",
      "industry": "Agricultural & Farm Machinery",
      "mcap": 159057925670.0,
      "flow_score": 0.267,
      "tag": "🟡중립",
      "velocity": null,
      "last": 626.59,
      "obv_norm": 0.169,
      "obv_state": "매집",
      "rs20": 2.4,
      "rs60": 4.1,
      "vol_surge": 0.7,
      "delta": -0.054,
      "new_green": false
    },
    {
      "ticker": "MCO",
      "name": "Moody's Corporation",
      "sector": "Financials",
      "industry": "Financial Exchanges & Data",
      "mcap": 78721432658.0,
      "flow_score": 0.267,
      "tag": "🟡중립",
      "velocity": null,
      "last": 511.78,
      "obv_norm": 0.484,
      "obv_state": "매집",
      "rs20": 3.6,
      "rs60": 11.8,
      "vol_surge": 0.61,
      "delta": -0.033,
      "new_green": false
    },
    {
      "ticker": "PSX",
      "name": "Phillips 66",
      "sector": "Energy",
      "industry": "Oil & Gas Refining & Marketing",
      "mcap": 66611343978.0,
      "flow_score": 0.258,
      "tag": "🟡중립",
      "velocity": null,
      "last": 241.7,
      "obv_norm": 0.052,
      "obv_state": "중립",
      "rs20": 10.8,
      "rs60": 28.5,
      "vol_surge": 0.67,
      "delta": -0.212,
      "new_green": false
    },
    {
      "ticker": "GLW",
      "name": "Corning Inc.",
      "sector": "Information Technology",
      "industry": "Electronic Components",
      "mcap": 167755523273.0,
      "flow_score": 0.25,
      "tag": "🟡중립",
      "velocity": null,
      "last": 150.11,
      "obv_norm": 0.205,
      "obv_state": "매집",
      "rs20": 5.2,
      "rs60": -27.6,
      "vol_surge": 0.46,
      "delta": -0.106,
      "new_green": false
    },
    {
      "ticker": "PAYX",
      "name": "Paychex",
      "sector": "Industrials",
      "industry": "Human Resource & Employment Services",
      "mcap": 35198495384.0,
      "flow_score": 0.25,
      "tag": "🟡중립",
      "velocity": null,
      "last": 126.84,
      "obv_norm": 0.368,
      "obv_state": "매집",
      "rs20": 5.2,
      "rs60": 26.5,
      "vol_surge": 0.46,
      "delta": 0.043,
      "new_green": false
    },
    {
      "ticker": "SNDK",
      "name": "Sandisk",
      "sector": "Information Technology",
      "industry": "Technology Hardware, Storage & Peripherals",
      "mcap": 323539098790.0,
      "flow_score": 0.246,
      "tag": "🟡중립",
      "velocity": 0.76,
      "last": 1467.0,
      "obv_norm": 0.07,
      "obv_state": "중립",
      "rs20": 17.4,
      "rs60": -22.3,
      "vol_surge": 0.58,
      "delta": 0.089,
      "new_green": false
    },
    {
      "ticker": "IBKR",
      "name": "Interactive Brokers",
      "sector": "Financials",
      "industry": "Investment Banking & Brokerage",
      "mcap": 42766537344.0,
      "flow_score": 0.24,
      "tag": "🟡중립",
      "velocity": null,
      "last": 96.54,
      "obv_norm": 0.043,
      "obv_state": "중립",
      "rs20": 6.4,
      "rs60": 8.4,
      "vol_surge": 0.79,
      "delta": 0.084,
      "new_green": false
    },
    {
      "ticker": "META",
      "name": "Meta Platforms",
      "sector": "Communication Services",
      "industry": "Interactive Media & Services",
      "mcap": 1465228625167.0,
      "flow_score": 0.229,
      "tag": "🟡중립",
      "velocity": 0.99,
      "last": 576.92,
      "obv_norm": 0.238,
      "obv_state": "매집",
      "rs20": 0.3,
      "rs60": -9.8,
      "vol_surge": 0.79,
      "delta": -0.064,
      "new_green": false
    },
    {
      "ticker": "PH",
      "name": "Parker Hannifin",
      "sector": "Industrials",
      "industry": "Industrial Machinery & Supplies & Components",
      "mcap": 120194374504.0,
      "flow_score": 0.217,
      "tag": "🟡중립",
      "velocity": null,
      "last": 1009.09,
      "obv_norm": 0.131,
      "obv_state": "매집",
      "rs20": -0.0,
      "rs60": 16.2,
      "vol_surge": 0.9,
      "delta": -0.182,
      "new_green": false
    },
    {
      "ticker": "DELL",
      "name": "Dell Technologies",
      "sector": "Information Technology",
      "industry": "Technology Hardware, Storage & Peripherals",
      "mcap": 264595324266.0,
      "flow_score": 0.21,
      "tag": "🟡중립",
      "velocity": 0.98,
      "last": 473.55,
      "obv_norm": 0.061,
      "obv_state": "중립",
      "rs20": 13.5,
      "rs60": 10.1,
      "vol_surge": 0.55,
      "delta": 0.006,
      "new_green": false
    },
    {
      "ticker": "VLO",
      "name": "Valero Energy",
      "sector": "Energy",
      "industry": "Oil & Gas Refining & Marketing",
      "mcap": 70165217292.0,
      "flow_score": 0.209,
      "tag": "🟡중립",
      "velocity": null,
      "last": 348.35,
      "obv_norm": 0.055,
      "obv_state": "중립",
      "rs20": 8.0,
      "rs60": 30.9,
      "vol_surge": 0.57,
      "delta": -0.194,
      "new_green": false
    },
    {
      "ticker": "FAST",
      "name": "Fastenal",
      "sector": "Industrials",
      "industry": "Trading Companies & Distributors",
      "mcap": 52683328248.0,
      "flow_score": 0.208,
      "tag": "🟡중립",
      "velocity": null,
      "last": 51.13,
      "obv_norm": 0.455,
      "obv_state": "매집",
      "rs20": 3.8,
      "rs60": 7.7,
      "vol_surge": 0.49,
      "delta": -0.039,
      "new_green": false
    },
    {
      "ticker": "CTVA",
      "name": "Corteva",
      "sector": "Materials",
      "industry": "Fertilizers & Agricultural Chemicals",
      "mcap": 52562561350.0,
      "flow_score": 0.201,
      "tag": "🟡중립",
      "velocity": null,
      "last": 83.05,
      "obv_norm": 0.074,
      "obv_state": "중립",
      "rs20": 2.2,
      "rs60": 4.4,
      "vol_surge": 0.92,
      "delta": 0.587,
      "new_green": false
    },
    {
      "ticker": "EMR",
      "name": "Emerson Electric",
      "sector": "Industrials",
      "industry": "Electrical Components & Equipment",
      "mcap": 84384668051.0,
      "flow_score": 0.199,
      "tag": "🟡중립",
      "velocity": null,
      "last": 157.43,
      "obv_norm": 0.204,
      "obv_state": "매집",
      "rs20": 1.7,
      "rs60": 9.4,
      "vol_surge": 0.63,
      "delta": -0.079,
      "new_green": false
    },
    {
      "ticker": "REGN",
      "name": "Regeneron Pharmaceuticals",
      "sector": "Health Care",
      "industry": "Biotechnology",
      "mcap": 63945519434.0,
      "flow_score": 0.192,
      "tag": "🟡중립",
      "velocity": null,
      "last": 802.05,
      "obv_norm": 0.292,
      "obv_state": "매집",
      "rs20": 1.8,
      "rs60": 27.2,
      "vol_surge": 0.61,
      "delta": -0.207,
      "new_green": false
    },
    {
      "ticker": "BSX",
      "name": "Boston Scientific",
      "sector": "Health Care",
      "industry": "Health Care Equipment",
      "mcap": 67317027417.0,
      "flow_score": 0.19,
      "tag": "🟡중립",
      "velocity": null,
      "last": 47.14,
      "obv_norm": 0.24,
      "obv_state": "매집",
      "rs20": -2.5,
      "rs60": -3.5,
      "vol_surge": 0.93,
      "delta": -0.239,
      "new_green": false
    },
    {
      "ticker": "LRCX",
      "name": "Lam Research",
      "sector": "Information Technology",
      "industry": "Semiconductor Materials & Equipment",
      "mcap": 486509703245.0,
      "flow_score": 0.181,
      "tag": "🟡중립",
      "velocity": 0.73,
      "last": 313.87,
      "obv_norm": 0.16,
      "obv_state": "매집",
      "rs20": 3.8,
      "rs60": -11.1,
      "vol_surge": 0.44,
      "delta": 0.297,
      "new_green": false
    },
    {
      "ticker": "ICE",
      "name": "Intercontinental Exchange",
      "sector": "Financials",
      "industry": "Financial Exchanges & Data",
      "mcap": 75710815591.0,
      "flow_score": 0.179,
      "tag": "🟡중립",
      "velocity": null,
      "last": 161.71,
      "obv_norm": 0.258,
      "obv_state": "매집",
      "rs20": 2.7,
      "rs60": 14.4,
      "vol_surge": 0.52,
      "delta": 0.068,
      "new_green": false
    },
    {
      "ticker": "NSC",
      "name": "Norfolk Southern",
      "sector": "Industrials",
      "industry": "Rail Transportation",
      "mcap": 67396164804.0,
      "flow_score": 0.176,
      "tag": "🟡중립",
      "velocity": null,
      "last": 348.41,
      "obv_norm": 0.238,
      "obv_state": "매집",
      "rs20": 0.5,
      "rs60": 11.8,
      "vol_surge": 0.68,
      "delta": 0.007,
      "new_green": false
    },
    {
      "ticker": "COP",
      "name": "ConocoPhillips",
      "sector": "Energy",
      "industry": "Oil & Gas Exploration & Production",
      "mcap": 131258993711.0,
      "flow_score": 0.172,
      "tag": "🟡중립",
      "velocity": null,
      "last": 130.13,
      "obv_norm": 0.066,
      "obv_state": "중립",
      "rs20": 4.7,
      "rs60": 6.9,
      "vol_surge": 0.71,
      "delta": -0.238,
      "new_green": false
    },
    {
      "ticker": "UNP",
      "name": "Union Pacific Corporation",
      "sector": "Industrials",
      "industry": "Rail Transportation",
      "mcap": 152513053054.0,
      "flow_score": 0.159,
      "tag": "🟡중립",
      "velocity": null,
      "last": 307.28,
      "obv_norm": 0.131,
      "obv_state": "매집",
      "rs20": 1.8,
      "rs60": 14.9,
      "vol_surge": 0.66,
      "delta": -0.135,
      "new_green": false
    },
    {
      "ticker": "ABT",
      "name": "Abbott Laboratories",
      "sector": "Health Care",
      "industry": "Health Care Equipment",
      "mcap": 153993707323.0,
      "flow_score": 0.154,
      "tag": "🟡중립",
      "velocity": null,
      "last": 111.48,
      "obv_norm": 0.16,
      "obv_state": "매집",
      "rs20": 2.1,
      "rs60": 25.8,
      "vol_surge": 0.52,
      "delta": -0.067,
      "new_green": false
    },
    {
      "ticker": "VZ",
      "name": "Verizon",
      "sector": "Communication Services",
      "industry": "Integrated Telecommunication Services",
      "mcap": 189445103286.0,
      "flow_score": 0.152,
      "tag": "🟡중립",
      "velocity": null,
      "last": 49.58,
      "obv_norm": 0.133,
      "obv_state": "매집",
      "rs20": 2.6,
      "rs60": 3.9,
      "vol_surge": 0.58,
      "delta": -0.076,
      "new_green": false
    },
    {
      "ticker": "JNJ",
      "name": "Johnson & Johnson",
      "sector": "Health Care",
      "industry": "Pharmaceuticals",
      "mcap": 549784282537.0,
      "flow_score": 0.151,
      "tag": "🟢가속",
      "velocity": 1.26,
      "last": 265.69,
      "obv_norm": 0.229,
      "obv_state": "매집",
      "rs20": 0.3,
      "rs60": 16.6,
      "vol_surge": 0.65,
      "delta": -0.011,
      "new_green": false
    },
    {
      "ticker": "ASML",
      "name": "ASML Holding",
      "sector": "Information Technology",
      "industry": "Semiconductor Materials & Equipment",
      "mcap": 743732780498.0,
      "flow_score": 0.15,
      "tag": "🟡중립",
      "velocity": 0.67,
      "last": 1730.09,
      "obv_norm": 0.169,
      "obv_state": "매집",
      "rs20": 2.8,
      "rs60": -2.2,
      "vol_surge": 0.46,
      "delta": 0.112,
      "new_green": false
    },
    {
      "ticker": "APD",
      "name": "Air Products",
      "sector": "Materials",
      "industry": "Industrial Gases",
      "mcap": 62397353121.0,
      "flow_score": 0.133,
      "tag": "🟡중립",
      "velocity": null,
      "last": 307.1,
      "obv_norm": 0.149,
      "obv_state": "매집",
      "rs20": 0.8,
      "rs60": 6.4,
      "vol_surge": 0.62,
      "delta": 0.164,
      "new_green": false
    },
    {
      "ticker": "ELV",
      "name": "Elevance Health",
      "sector": "Health Care",
      "industry": "Managed Health Care",
      "mcap": 84367584630.0,
      "flow_score": 0.128,
      "tag": "🟡중립",
      "velocity": null,
      "last": 397.39,
      "obv_norm": 0.272,
      "obv_state": "매집",
      "rs20": 2.4,
      "rs60": -0.8,
      "vol_surge": 0.45,
      "delta": 0.006,
      "new_green": false
    },
    {
      "ticker": "VMC",
      "name": "Vulcan Materials Company",
      "sector": "Materials",
      "industry": "Construction Materials",
      "mcap": 39294968898.0,
      "flow_score": 0.126,
      "tag": "🟡중립",
      "velocity": null,
      "last": 275.67,
      "obv_norm": 0.192,
      "obv_state": "매집",
      "rs20": -0.7,
      "rs60": -5.7,
      "vol_surge": 0.68,
      "delta": 0.45,
      "new_green": false
    },
    {
      "ticker": "BKNG",
      "name": "Booking Holdings",
      "sector": "Consumer Discretionary",
      "industry": "Hotels, Resorts & Cruise Lines",
      "mcap": 133108616790.0,
      "flow_score": 0.117,
      "tag": "🟡중립",
      "velocity": null,
      "last": 204.81,
      "obv_norm": 0.104,
      "obv_state": "매집",
      "rs20": 2.8,
      "rs60": 21.9,
      "vol_surge": 0.61,
      "delta": 0.032,
      "new_green": false
    },
    {
      "ticker": "IBM",
      "name": "IBM",
      "sector": "Information Technology",
      "industry": "IT Consulting & Other Services",
      "mcap": 234125428984.0,
      "flow_score": 0.115,
      "tag": "🟡중립",
      "velocity": null,
      "last": 238.58,
      "obv_norm": 0.149,
      "obv_state": "매집",
      "rs20": 3.3,
      "rs60": -24.3,
      "vol_surge": 0.36,
      "delta": 0.048,
      "new_green": false
    },
    {
      "ticker": "STT",
      "name": "State Street Corporation",
      "sector": "Financials",
      "industry": "Asset Management & Custody Banks",
      "mcap": 46582658648.0,
      "flow_score": 0.112,
      "tag": "🟡중립",
      "velocity": null,
      "last": 193.78,
      "obv_norm": 0.16,
      "obv_state": "매집",
      "rs20": 1.9,
      "rs60": 20.4,
      "vol_surge": 0.46,
      "delta": -0.087,
      "new_green": false
    },
    {
      "ticker": "LIN",
      "name": "Linde plc",
      "sector": "Materials",
      "industry": "Industrial Gases",
      "mcap": 236791186104.0,
      "flow_score": 0.11,
      "tag": "🟡중립",
      "velocity": null,
      "last": 487.43,
      "obv_norm": 0.236,
      "obv_state": "매집",
      "rs20": -1.5,
      "rs60": -6.3,
      "vol_surge": 0.71,
      "delta": 0.308,
      "new_green": false
    },
    {
      "ticker": "MDT",
      "name": "Medtronic",
      "sector": "Health Care",
      "industry": "Health Care Equipment",
      "mcap": 101558780686.0,
      "flow_score": 0.102,
      "tag": "🟡중립",
      "velocity": null,
      "last": 90.29,
      "obv_norm": 0.081,
      "obv_state": "매집",
      "rs20": 2.4,
      "rs60": 13.5,
      "vol_surge": 0.7,
      "delta": 0.028,
      "new_green": false
    },
    {
      "ticker": "BNY",
      "name": "BNY Mellon",
      "sector": "Financials",
      "industry": "Asset Management & Custody Banks",
      "mcap": 98584625584.0,
      "flow_score": 0.083,
      "tag": "🟡중립",
      "velocity": null,
      "last": 162.9,
      "obv_norm": 0.169,
      "obv_state": "매집",
      "rs20": 0.8,
      "rs60": 13.5,
      "vol_surge": 0.49,
      "delta": -0.016,
      "new_green": false
    },
    {
      "ticker": "HSY",
      "name": "Hershey Company (The)",
      "sector": "Consumer Staples",
      "industry": "Packaged Foods & Meats",
      "mcap": 35016852298.0,
      "flow_score": 0.067,
      "tag": "🟡중립",
      "velocity": null,
      "last": 183.58,
      "obv_norm": 0.149,
      "obv_state": "매집",
      "rs20": 1.5,
      "rs60": -2.2,
      "vol_surge": 0.45,
      "delta": 0.218,
      "new_green": false
    },
    {
      "ticker": "INTC",
      "name": "Intel",
      "sector": "Information Technology",
      "industry": "Semiconductors",
      "mcap": 673433767608.0,
      "flow_score": 0.056,
      "tag": "🟡중립",
      "velocity": 1.02,
      "last": 91.42,
      "obv_norm": 0.197,
      "obv_state": "매집",
      "rs20": -2.0,
      "rs60": -21.3,
      "vol_surge": 0.65,
      "delta": 0.2,
      "new_green": false
    },
    {
      "ticker": "EW",
      "name": "Edwards Lifesciences",
      "sector": "Health Care",
      "industry": "Health Care Equipment",
      "mcap": 50301888351.0,
      "flow_score": 0.034,
      "tag": "🟡중립",
      "velocity": null,
      "last": 90.0,
      "obv_norm": 0.123,
      "obv_state": "매집",
      "rs20": 1.2,
      "rs60": 2.3,
      "vol_surge": 0.51,
      "delta": 0.045,
      "new_green": false
    },
    {
      "ticker": "WAB",
      "name": "Wabtec",
      "sector": "Industrials",
      "industry": "Construction Machinery & Heavy Transportation Equipment",
      "mcap": 46462745376.0,
      "flow_score": 0.032,
      "tag": "🟡중립",
      "velocity": null,
      "last": 297.42,
      "obv_norm": 0.208,
      "obv_state": "매집",
      "rs20": -1.1,
      "rs60": 10.8,
      "vol_surge": 0.54,
      "delta": -0.04,
      "new_green": false
    },
    {
      "ticker": "MDLZ",
      "name": "Mondelez International",
      "sector": "Consumer Staples",
      "industry": "Packaged Foods & Meats",
      "mcap": 77173022560.0,
      "flow_score": 0.025,
      "tag": "🟡중립",
      "velocity": null,
      "last": 62.54,
      "obv_norm": 0.265,
      "obv_state": "매집",
      "rs20": -3.0,
      "rs60": -0.4,
      "vol_surge": 0.67,
      "delta": 0.085,
      "new_green": false
    },
    {
      "ticker": "NDAQ",
      "name": "Nasdaq, Inc.",
      "sector": "Financials",
      "industry": "Financial Exchanges & Data",
      "mcap": 46510074019.0,
      "flow_score": 0.025,
      "tag": "🟡중립",
      "velocity": null,
      "last": 99.65,
      "obv_norm": 0.1,
      "obv_state": "매집",
      "rs20": 2.4,
      "rs60": 12.4,
      "vol_surge": 0.49,
      "delta": 0.012,
      "new_green": false
    },
    {
      "ticker": "SPGI",
      "name": "S&P Global",
      "sector": "Financials",
      "industry": "Financial Exchanges & Data",
      "mcap": 121632323974.0,
      "flow_score": 0.024,
      "tag": "🟡중립",
      "velocity": null,
      "last": 438.78,
      "obv_norm": 0.057,
      "obv_state": "중립",
      "rs20": 3.2,
      "rs60": 10.1,
      "vol_surge": 0.59,
      "delta": 0.023,
      "new_green": false
    },
    {
      "ticker": "FDX",
      "name": "FedEx",
      "sector": "Industrials",
      "industry": "Air Freight & Logistics",
      "mcap": 77833526719.0,
      "flow_score": 0.017,
      "tag": "🟡중립",
      "velocity": null,
      "last": 332.86,
      "obv_norm": 0.038,
      "obv_state": "중립",
      "rs20": 4.9,
      "rs60": 0.2,
      "vol_surge": 0.52,
      "delta": 0.001,
      "new_green": false
    },
    {
      "ticker": "MS",
      "name": "Morgan Stanley",
      "sector": "Financials",
      "industry": "Investment Banking & Brokerage",
      "mcap": 352002649721.0,
      "flow_score": 0.015,
      "tag": "🟡중립",
      "velocity": 0.75,
      "last": 215.15,
      "obv_norm": 0.144,
      "obv_state": "매집",
      "rs20": -1.1,
      "rs60": 0.0,
      "vol_surge": 0.57,
      "delta": -0.032,
      "new_green": false
    },
    {
      "ticker": "WELL",
      "name": "Welltower",
      "sector": "Real Estate",
      "industry": "Health Care REITs",
      "mcap": 145877216783.0,
      "flow_score": 0.014,
      "tag": "🟡중립",
      "velocity": null,
      "last": 238.96,
      "obv_norm": 0.18,
      "obv_state": "매집",
      "rs20": -1.4,
      "rs60": 17.4,
      "vol_surge": 0.53,
      "delta": 0.043,
      "new_green": false
    },
    {
      "ticker": "MMM",
      "name": "3M",
      "sector": "Industrials",
      "industry": "Industrial Conglomerates",
      "mcap": 83763705299.0,
      "flow_score": 0.011,
      "tag": "🟡중립",
      "velocity": null,
      "last": 178.79,
      "obv_norm": 0.158,
      "obv_state": "매집",
      "rs20": -1.9,
      "rs60": 15.5,
      "vol_surge": 0.57,
      "delta": -0.006,
      "new_green": false
    },
    {
      "ticker": "PANW",
      "name": "Palo Alto Networks",
      "sector": "Information Technology",
      "industry": "Systems Software",
      "mcap": 234540699005.0,
      "flow_score": 0.008,
      "tag": "🟡중립",
      "velocity": null,
      "last": 369.66,
      "obv_norm": -0.079,
      "obv_state": "중립",
      "rs20": 8.0,
      "rs60": 29.4,
      "vol_surge": 0.71,
      "delta": 0.059,
      "new_green": false
    },
    {
      "ticker": "PGR",
      "name": "Progressive Corporation",
      "sector": "Financials",
      "industry": "Property & Casualty Insurance",
      "mcap": 119275311157.0,
      "flow_score": 0.004,
      "tag": "🟡중립",
      "velocity": null,
      "last": 218.82,
      "obv_norm": 0.242,
      "obv_state": "매집",
      "rs20": 0.1,
      "rs60": 10.7,
      "vol_surge": 0.4,
      "delta": 0.005,
      "new_green": false
    },
    {
      "ticker": "PRU",
      "name": "Prudential Financial",
      "sector": "Financials",
      "industry": "Life & Health Insurance",
      "mcap": 37000543224.0,
      "flow_score": 0.004,
      "tag": "🟡중립",
      "velocity": null,
      "last": 120.94,
      "obv_norm": 0.163,
      "obv_state": "매집",
      "rs20": -4.3,
      "rs60": 17.6,
      "vol_surge": 0.73,
      "delta": 0.229,
      "new_green": false
    },
    {
      "ticker": "WMB",
      "name": "Williams Companies",
      "sector": "Energy",
      "industry": "Oil & Gas Storage & Transportation",
      "mcap": 89425636495.0,
      "flow_score": 0.003,
      "tag": "🟡중립",
      "velocity": null,
      "last": 74.12,
      "obv_norm": 0.051,
      "obv_state": "중립",
      "rs20": 0.2,
      "rs60": 1.1,
      "vol_surge": 0.8,
      "delta": -0.234,
      "new_green": false
    },
    {
      "ticker": "CEG",
      "name": "Constellation Energy",
      "sector": "Utilities",
      "industry": "Electric Utilities",
      "mcap": 97867377907.0,
      "flow_score": -0.003,
      "tag": "🟡중립",
      "velocity": null,
      "last": 281.64,
      "obv_norm": 0.029,
      "obv_state": "중립",
      "rs20": 3.8,
      "rs60": 3.0,
      "vol_surge": 0.6,
      "delta": 0.174,
      "new_green": false
    },
    {
      "ticker": "AAPL",
      "name": "Apple Inc.",
      "sector": "Information Technology",
      "industry": "Technology Hardware, Storage & Peripherals",
      "mcap": 4376979104991.0,
      "flow_score": -0.005,
      "tag": "🟡중립",
      "velocity": 0.98,
      "last": 317.84,
      "obv_norm": 0.149,
      "obv_state": "매집",
      "rs20": -0.5,
      "rs60": 0.1,
      "vol_surge": 0.47,
      "delta": 0.701,
      "new_green": false
    },
    {
      "ticker": "TT",
      "name": "Trane Technologies",
      "sector": "Industrials",
      "industry": "Building Products",
      "mcap": 106858216232.0,
      "flow_score": -0.01,
      "tag": "🟡중립",
      "velocity": null,
      "last": 455.25,
      "obv_norm": 0.104,
      "obv_state": "매집",
      "rs20": -3.3,
      "rs60": -4.6,
      "vol_surge": 0.84,
      "delta": -0.307,
      "new_green": false
    },
    {
      "ticker": "PM",
      "name": "Philip Morris International",
      "sector": "Consumer Staples",
      "industry": "Tobacco",
      "mcap": 278046888613.0,
      "flow_score": -0.012,
      "tag": "🟡중립",
      "velocity": 1.18,
      "last": 190.51,
      "obv_norm": 0.178,
      "obv_state": "매집",
      "rs20": -3.5,
      "rs60": 5.9,
      "vol_surge": 0.64,
      "delta": 0.021,
      "new_green": false
    },
    {
      "ticker": "CSX",
      "name": "CSX Corporation",
      "sector": "Industrials",
      "industry": "Rail Transportation",
      "mcap": 84786877983.0,
      "flow_score": -0.015,
      "tag": "🟡중립",
      "velocity": null,
      "last": 51.28,
      "obv_norm": 0.15,
      "obv_state": "매집",
      "rs20": -1.6,
      "rs60": 8.1,
      "vol_surge": 0.53,
      "delta": -0.096,
      "new_green": false
    },
    {
      "ticker": "HBAN",
      "name": "Huntington Bancshares",
      "sector": "Financials",
      "industry": "Regional Banks",
      "mcap": 34177422934.0,
      "flow_score": -0.018,
      "tag": "🟡중립",
      "velocity": null,
      "last": 16.95,
      "obv_norm": 0.29,
      "obv_state": "매집",
      "rs20": -3.9,
      "rs60": 4.0,
      "vol_surge": 0.66,
      "delta": 0.033,
      "new_green": false
    },
    {
      "ticker": "BMY",
      "name": "Bristol Myers Squibb",
      "sector": "Health Care",
      "industry": "Pharmaceuticals",
      "mcap": 110271847338.0,
      "flow_score": -0.021,
      "tag": "🟡중립",
      "velocity": null,
      "last": 66.64,
      "obv_norm": 0.487,
      "obv_state": "매집",
      "rs20": -1.3,
      "rs60": 19.4,
      "vol_surge": 0.46,
      "delta": -0.046,
      "new_green": false
    },
    {
      "ticker": "OXY",
      "name": "Occidental Petroleum",
      "sector": "Energy",
      "industry": "Oil & Gas Exploration & Production",
      "mcap": 51541969902.0,
      "flow_score": -0.021,
      "tag": "🟡중립",
      "velocity": null,
      "last": 59.18,
      "obv_norm": 0.088,
      "obv_state": "매집",
      "rs20": 0.3,
      "rs60": -3.1,
      "vol_surge": 0.61,
      "delta": -0.023,
      "new_green": false
    },
    {
      "ticker": "CRH",
      "name": "CRH plc",
      "sector": "Materials",
      "industry": "Construction Materials",
      "mcap": 74330590600.0,
      "flow_score": -0.027,
      "tag": "🟡중립",
      "velocity": null,
      "last": 96.68,
      "obv_norm": 0.099,
      "obv_state": "매집",
      "rs20": -1.6,
      "rs60": -11.1,
      "vol_surge": 0.7,
      "delta": 0.168,
      "new_green": false
    },
    {
      "ticker": "ETN",
      "name": "Eaton Corporation",
      "sector": "Industrials",
      "industry": "Electrical Components & Equipment",
      "mcap": 163773286734.0,
      "flow_score": -0.028,
      "tag": "🟡중립",
      "velocity": null,
      "last": 415.65,
      "obv_norm": 0.261,
      "obv_state": "매집",
      "rs20": -3.2,
      "rs60": -3.7,
      "vol_surge": 0.59,
      "delta": -0.37,
      "new_green": false
    },
    {
      "ticker": "C",
      "name": "Citigroup",
      "sector": "Financials",
      "industry": "Diversified Banks",
      "mcap": 243999835018.0,
      "flow_score": -0.044,
      "tag": "🟡중립",
      "velocity": null,
      "last": 132.64,
      "obv_norm": 0.329,
      "obv_state": "매집",
      "rs20": -3.2,
      "rs60": -0.3,
      "vol_surge": 0.56,
      "delta": -0.047,
      "new_green": false
    },
    {
      "ticker": "SCHW",
      "name": "Charles Schwab Corporation",
      "sector": "Financials",
      "industry": "Investment Banking & Brokerage",
      "mcap": 159478720684.0,
      "flow_score": -0.044,
      "tag": "🟡중립",
      "velocity": null,
      "last": 107.98,
      "obv_norm": 0.032,
      "obv_state": "중립",
      "rs20": -0.8,
      "rs60": 22.3,
      "vol_surge": 0.86,
      "delta": -0.301,
      "new_green": false
    },
    {
      "ticker": "GS",
      "name": "Goldman Sachs",
      "sector": "Financials",
      "industry": "Investment Banking & Brokerage",
      "mcap": 323493354857.0,
      "flow_score": -0.047,
      "tag": "🟡중립",
      "velocity": 0.82,
      "last": 1041.09,
      "obv_norm": 0.061,
      "obv_state": "중립",
      "rs20": -1.1,
      "rs60": -2.4,
      "vol_surge": 0.77,
      "delta": 0.123,
      "new_green": false
    },
    {
      "ticker": "KO",
      "name": "Coca-Cola Company (The)",
      "sector": "Consumer Staples",
      "industry": "Soft Drinks & Non-alcoholic Beverages",
      "mcap": 341574076538.0,
      "flow_score": -0.062,
      "tag": "🟡중립",
      "velocity": 0.0,
      "last": 89.44,
      "obv_norm": 0.082,
      "obv_state": "매집",
      "rs20": -1.2,
      "rs60": 11.2,
      "vol_surge": 0.67,
      "delta": 0.077,
      "new_green": false
    },
    {
      "ticker": "AMT",
      "name": "American Tower",
      "sector": "Real Estate",
      "industry": "Telecom Tower REITs",
      "mcap": 82020476219.0,
      "flow_score": -0.063,
      "tag": "🟡중립",
      "velocity": null,
      "last": 174.43,
      "obv_norm": 0.186,
      "obv_state": "매집",
      "rs20": -2.7,
      "rs60": -6.7,
      "vol_surge": 0.49,
      "delta": 0.11,
      "new_green": false
    },
    {
      "ticker": "MNST",
      "name": "Monster Beverage",
      "sector": "Consumer Staples",
      "industry": "Soft Drinks & Non-alcoholic Beverages",
      "mcap": 89331257185.0,
      "flow_score": -0.067,
      "tag": "🟡중립",
      "velocity": null,
      "last": 46.49,
      "obv_norm": 0.3,
      "obv_state": "매집",
      "rs20": -55.7,
      "rs60": -49.7,
      "vol_surge": 0.88,
      "delta": -0.084,
      "new_green": false
    },
    {
      "ticker": "KKR",
      "name": "KKR & Co.",
      "sector": "Financials",
      "industry": "Asset Management & Custody Banks",
      "mcap": 87102655924.0,
      "flow_score": -0.067,
      "tag": "🟡중립",
      "velocity": null,
      "last": 109.26,
      "obv_norm": 0.029,
      "obv_state": "중립",
      "rs20": 4.4,
      "rs60": 18.3,
      "vol_surge": 0.44,
      "delta": -0.131,
      "new_green": false
    },
    {
      "ticker": "AMP",
      "name": "Ameriprise Financial",
      "sector": "Financials",
      "industry": "Asset Management & Custody Banks",
      "mcap": 42020593315.0,
      "flow_score": -0.067,
      "tag": "🟡중립",
      "velocity": null,
      "last": 555.18,
      "obv_norm": 0.179,
      "obv_state": "매집",
      "rs20": -1.6,
      "rs60": 23.5,
      "vol_surge": 0.39,
      "delta": -0.061,
      "new_green": false
    },
    {
      "ticker": "ISRG",
      "name": "Intuitive Surgical",
      "sector": "Health Care",
      "industry": "Health Care Equipment",
      "mcap": 144066360436.0,
      "flow_score": -0.069,
      "tag": "🟡중립",
      "velocity": null,
      "last": 368.82,
      "obv_norm": 0.099,
      "obv_state": "매집",
      "rs20": 1.0,
      "rs60": -11.8,
      "vol_surge": 0.43,
      "delta": -0.158,
      "new_green": false
    },
    {
      "ticker": "CDNS",
      "name": "Cadence Design Systems",
      "sector": "Information Technology",
      "industry": "Application Software",
      "mcap": 106848364280.0,
      "flow_score": -0.069,
      "tag": "🟡중립",
      "velocity": null,
      "last": 345.11,
      "obv_norm": 0.042,
      "obv_state": "중립",
      "rs20": -1.9,
      "rs60": -17.8,
      "vol_surge": 0.86,
      "delta": 0.083,
      "new_green": false
    },
    {
      "ticker": "JPM",
      "name": "JPMorgan Chase",
      "sector": "Financials",
      "industry": "Diversified Banks",
      "mcap": 871430706632.0,
      "flow_score": -0.071,
      "tag": "🟡중립",
      "velocity": 0.72,
      "last": 355.77,
      "obv_norm": 0.146,
      "obv_state": "매집",
      "rs20": -2.2,
      "rs60": 15.9,
      "vol_surge": 0.49,
      "delta": -0.071,
      "new_green": false
    },
    {
      "ticker": "UPS",
      "name": "United Parcel Service",
      "sector": "Industrials",
      "industry": "Air Freight & Logistics",
      "mcap": 89131658934.0,
      "flow_score": -0.075,
      "tag": "🟡중립",
      "velocity": null,
      "last": 105.93,
      "obv_norm": 0.062,
      "obv_state": "중립",
      "rs20": -1.7,
      "rs60": -4.9,
      "vol_surge": 0.76,
      "delta": 0.285,
      "new_green": false
    },
    {
      "ticker": "FTNT",
      "name": "Fortinet",
      "sector": "Information Technology",
      "industry": "Systems Software",
      "mcap": 106036198499.0,
      "flow_score": -0.079,
      "tag": "🟡중립",
      "velocity": null,
      "last": 170.2,
      "obv_norm": 0.024,
      "obv_state": "중립",
      "rs20": 1.7,
      "rs60": 13.8,
      "vol_surge": 0.64,
      "delta": 0.005,
      "new_green": false
    },
    {
      "ticker": "ED",
      "name": "Consolidated Edison",
      "sector": "Utilities",
      "industry": "Multi-Utilities",
      "mcap": 39196819648.0,
      "flow_score": -0.079,
      "tag": "🟡중립",
      "velocity": null,
      "last": 106.93,
      "obv_norm": 0.195,
      "obv_state": "매집",
      "rs20": -5.1,
      "rs60": 1.0,
      "vol_surge": 0.64,
      "delta": 0.032,
      "new_green": false
    },
    {
      "ticker": "LYV",
      "name": "Live Nation Entertainment",
      "sector": "Communication Services",
      "industry": "Movies & Entertainment",
      "mcap": 39849740979.0,
      "flow_score": -0.081,
      "tag": "🟡중립",
      "velocity": null,
      "last": 178.61,
      "obv_norm": 0.081,
      "obv_state": "매집",
      "rs20": -0.8,
      "rs60": 6.4,
      "vol_surge": 0.61,
      "delta": 0.352,
      "new_green": false
    },
    {
      "ticker": "SBUX",
      "name": "Starbucks",
      "sector": "Consumer Discretionary",
      "industry": "Restaurants",
      "mcap": 114710806739.0,
      "flow_score": -0.084,
      "tag": "🟡중립",
      "velocity": null,
      "last": 107.48,
      "obv_norm": 0.061,
      "obv_state": "중립",
      "rs20": -1.2,
      "rs60": 9.7,
      "vol_surge": 0.71,
      "delta": 0.151,
      "new_green": false
    },
    {
      "ticker": "MELI",
      "name": "Mercado Libre",
      "sector": "Consumer Discretionary",
      "industry": "Broadline Retail",
      "mcap": 82897498385.0,
      "flow_score": -0.085,
      "tag": "🟡중립",
      "velocity": null,
      "last": 1954.24,
      "obv_norm": 0.012,
      "obv_state": "중립",
      "rs20": 0.7,
      "rs60": 16.9,
      "vol_surge": 0.75,
      "delta": 0.03,
      "new_green": false
    },
    {
      "ticker": "DVN",
      "name": "Devon Energy",
      "sector": "Energy",
      "industry": "Oil & Gas Exploration & Production",
      "mcap": 48581337634.0,
      "flow_score": -0.085,
      "tag": "🟡중립",
      "velocity": null,
      "last": 47.45,
      "obv_norm": 0.059,
      "obv_state": "중립",
      "rs20": 1.8,
      "rs60": 0.4,
      "vol_surge": 0.49,
      "delta": -0.025,
      "new_green": false
    },
    {
      "ticker": "V",
      "name": "Visa Inc.",
      "sector": "Financials",
      "industry": "Transaction & Payment Processing Services",
      "mcap": 622326622540.0,
      "flow_score": -0.092,
      "tag": "🟡중립",
      "velocity": 1.33,
      "last": 379.9,
      "obv_norm": 0.02,
      "obv_state": "중립",
      "rs20": 0.4,
      "rs60": 19.2,
      "vol_surge": 0.73,
      "delta": 0.057,
      "new_green": false
    },
    {
      "ticker": "IRM",
      "name": "Iron Mountain",
      "sector": "Real Estate",
      "industry": "Other Specialized REITs",
      "mcap": 38032580517.0,
      "flow_score": -0.094,
      "tag": "🟡중립",
      "velocity": null,
      "last": 120.99,
      "obv_norm": 0.291,
      "obv_state": "매집",
      "rs20": -4.4,
      "rs60": -7.8,
      "vol_surge": 0.56,
      "delta": 0.019,
      "new_green": false
    },
    {
      "ticker": "HCA",
      "name": "HCA Healthcare",
      "sector": "Health Care",
      "industry": "Health Care Facilities",
      "mcap": 83227640744.0,
      "flow_score": -0.108,
      "tag": "🟡중립",
      "velocity": null,
      "last": 423.52,
      "obv_norm": 0.019,
      "obv_state": "중립",
      "rs20": 1.8,
      "rs60": 14.2,
      "vol_surge": 0.6,
      "delta": -0.318,
      "new_green": false
    },
    {
      "ticker": "EQIX",
      "name": "Equinix",
      "sector": "Real Estate",
      "industry": "Data Center REITs",
      "mcap": 107716411644.0,
      "flow_score": -0.112,
      "tag": "🟡중립",
      "velocity": null,
      "last": 1064.06,
      "obv_norm": 0.001,
      "obv_state": "중립",
      "rs20": 1.0,
      "rs60": -3.6,
      "vol_surge": 0.72,
      "delta": 0.019,
      "new_green": false
    },
    {
      "ticker": "CVX",
      "name": "Chevron Corporation",
      "sector": "Energy",
      "industry": "Integrated Oil & Gas",
      "mcap": 345801123931.0,
      "flow_score": -0.113,
      "tag": "🟡중립",
      "velocity": 1.76,
      "last": 199.86,
      "obv_norm": 0.062,
      "obv_state": "중립",
      "rs20": -1.8,
      "rs60": 3.0,
      "vol_surge": 0.7,
      "delta": -0.285,
      "new_green": false
    },
    {
      "ticker": "APH",
      "name": "Amphenol",
      "sector": "Information Technology",
      "industry": "Electronic Components",
      "mcap": 201709247861.0,
      "flow_score": -0.118,
      "tag": "🟡중립",
      "velocity": null,
      "last": 161.45,
      "obv_norm": 0.1,
      "obv_state": "매집",
      "rs20": -2.9,
      "rs60": 7.0,
      "vol_surge": 0.63,
      "delta": -0.081,
      "new_green": false
    },
    {
      "ticker": "BAC",
      "name": "Bank of America",
      "sector": "Financials",
      "industry": "Diversified Banks",
      "mcap": 398828400000.0,
      "flow_score": -0.126,
      "tag": "🟡중립",
      "velocity": 0.9,
      "last": 61.72,
      "obv_norm": 0.072,
      "obv_state": "중립",
      "rs20": -3.7,
      "rs60": 15.4,
      "vol_surge": 0.78,
      "delta": -0.145,
      "new_green": false
    },
    {
      "ticker": "ARM",
      "name": "Arm Holdings",
      "sector": "Information Technology",
      "industry": "Semiconductors",
      "mcap": 467609083084.0,
      "flow_score": -0.128,
      "tag": "🟡중립",
      "velocity": 0.79,
      "last": 250.38,
      "obv_norm": 0.047,
      "obv_state": "중립",
      "rs20": 1.1,
      "rs60": -41.6,
      "vol_surge": 0.51,
      "delta": 0.1,
      "new_green": false
    },
    {
      "ticker": "VTR",
      "name": "Ventas",
      "sector": "Real Estate",
      "industry": "Health Care REITs",
      "mcap": 39671448654.0,
      "flow_score": -0.136,
      "tag": "🟡중립",
      "velocity": null,
      "last": 92.35,
      "obv_norm": 0.197,
      "obv_state": "매집",
      "rs20": -4.6,
      "rs60": 14.5,
      "vol_surge": 0.5,
      "delta": -0.104,
      "new_green": false
    },
    {
      "ticker": "DHI",
      "name": "D. R. Horton",
      "sector": "Consumer Discretionary",
      "industry": "Homebuilding",
      "mcap": 44751698035.0,
      "flow_score": -0.159,
      "tag": "🟡중립",
      "velocity": null,
      "last": 147.82,
      "obv_norm": 0.049,
      "obv_state": "중립",
      "rs20": -0.0,
      "rs60": -0.1,
      "vol_surge": 0.53,
      "delta": 0.136,
      "new_green": false
    },
    {
      "ticker": "COF",
      "name": "Capital One",
      "sector": "Financials",
      "industry": "Consumer Finance",
      "mcap": 125410663798.0,
      "flow_score": -0.16,
      "tag": "🟡중립",
      "velocity": null,
      "last": 217.91,
      "obv_norm": 0.017,
      "obv_state": "중립",
      "rs20": 0.9,
      "rs60": 20.3,
      "vol_surge": 0.58,
      "delta": 0.074,
      "new_green": false
    },
    {
      "ticker": "PNC",
      "name": "PNC Financial Services",
      "sector": "Financials",
      "industry": "Diversified Banks",
      "mcap": 93179054513.0,
      "flow_score": -0.16,
      "tag": "🟡중립",
      "velocity": null,
      "last": 244.24,
      "obv_norm": 0.102,
      "obv_state": "매집",
      "rs20": -5.6,
      "rs60": 9.5,
      "vol_surge": 0.75,
      "delta": -0.132,
      "new_green": false
    },
    {
      "ticker": "CAH",
      "name": "Cardinal Health",
      "sector": "Health Care",
      "industry": "Health Care Distributors",
      "mcap": 51939833463.0,
      "flow_score": -0.167,
      "tag": "🟡중립",
      "velocity": null,
      "last": 235.21,
      "obv_norm": 0.075,
      "obv_state": "중립",
      "rs20": -1.1,
      "rs60": 17.7,
      "vol_surge": 0.5,
      "delta": -0.225,
      "new_green": false
    },
    {
      "ticker": "STLD",
      "name": "Steel Dynamics",
      "sector": "Materials",
      "industry": "Steel",
      "mcap": 36040216627.0,
      "flow_score": -0.17,
      "tag": "🟡중립",
      "velocity": null,
      "last": 238.3,
      "obv_norm": 0.121,
      "obv_state": "매집",
      "rs20": -8.5,
      "rs60": -15.8,
      "vol_surge": 0.84,
      "delta": -0.085,
      "new_green": false
    },
    {
      "ticker": "DLR",
      "name": "Digital Realty",
      "sector": "Real Estate",
      "industry": "Data Center REITs",
      "mcap": 66117049925.0,
      "flow_score": -0.175,
      "tag": "🟡중립",
      "velocity": null,
      "last": 190.58,
      "obv_norm": 0.114,
      "obv_state": "매집",
      "rs20": -2.3,
      "rs60": 1.5,
      "vol_surge": 0.43,
      "delta": 0.048,
      "new_green": false
    },
    {
      "ticker": "EME",
      "name": "Emcor",
      "sector": "Industrials",
      "industry": "Construction & Engineering",
      "mcap": 37255501422.0,
      "flow_score": -0.181,
      "tag": "🟡중립",
      "velocity": null,
      "last": 768.11,
      "obv_norm": 0.133,
      "obv_state": "매집",
      "rs20": -7.0,
      "rs60": -10.9,
      "vol_surge": 0.7,
      "delta": 0.402,
      "new_green": false
    },
    {
      "ticker": "CCI",
      "name": "Crown Castle",
      "sector": "Real Estate",
      "industry": "Telecom Tower REITs",
      "mcap": 35810886537.0,
      "flow_score": -0.197,
      "tag": "🟡중립",
      "velocity": null,
      "last": 75.08,
      "obv_norm": 0.182,
      "obv_state": "매집",
      "rs20": -5.0,
      "rs60": -17.6,
      "vol_surge": 0.42,
      "delta": 0.082,
      "new_green": false
    },
    {
      "ticker": "OKE",
      "name": "Oneok",
      "sector": "Energy",
      "industry": "Oil & Gas Storage & Transportation",
      "mcap": 53571692636.0,
      "flow_score": -0.201,
      "tag": "🟡중립",
      "velocity": null,
      "last": 95.36,
      "obv_norm": -0.037,
      "obv_state": "중립",
      "rs20": 1.7,
      "rs60": 7.6,
      "vol_surge": 0.65,
      "delta": -0.256,
      "new_green": false
    },
    {
      "ticker": "USB",
      "name": "U.S. Bancorp",
      "sector": "Financials",
      "industry": "Diversified Banks",
      "mcap": 90566521715.0,
      "flow_score": -0.203,
      "tag": "🟡중립",
      "velocity": null,
      "last": 62.77,
      "obv_norm": 0.067,
      "obv_state": "중립",
      "rs20": -3.7,
      "rs60": 15.8,
      "vol_surge": 0.66,
      "delta": -0.168,
      "new_green": false
    },
    {
      "ticker": "LMT",
      "name": "Lockheed Martin",
      "sector": "Industrials",
      "industry": "Aerospace & Defense",
      "mcap": 117806478322.0,
      "flow_score": -0.204,
      "tag": "🟡중립",
      "velocity": null,
      "last": 565.39,
      "obv_norm": 0.116,
      "obv_state": "매집",
      "rs20": -6.3,
      "rs60": 8.1,
      "vol_surge": 0.67,
      "delta": -0.105,
      "new_green": false
    },
    {
      "ticker": "URI",
      "name": "United Rentals",
      "sector": "Industrials",
      "industry": "Trading Companies & Distributors",
      "mcap": 67458442713.0,
      "flow_score": -0.204,
      "tag": "🟡중립",
      "velocity": null,
      "last": 1039.05,
      "obv_norm": 0.132,
      "obv_state": "매집",
      "rs20": -7.1,
      "rs60": -4.0,
      "vol_surge": 0.67,
      "delta": -0.162,
      "new_green": false
    },
    {
      "ticker": "MCD",
      "name": "McDonald's",
      "sector": "Consumer Discretionary",
      "industry": "Restaurants",
      "mcap": 197954026968.0,
      "flow_score": -0.217,
      "tag": "🟡중립",
      "velocity": null,
      "last": 262.36,
      "obv_norm": 0.085,
      "obv_state": "매집",
      "rs20": -6.4,
      "rs60": -6.4,
      "vol_surge": 0.77,
      "delta": -0.157,
      "new_green": false
    },
    {
      "ticker": "STX",
      "name": "Seagate Technology",
      "sector": "Information Technology",
      "industry": "Technology Hardware, Storage & Peripherals",
      "mcap": 242141797687.0,
      "flow_score": -0.219,
      "tag": "🟡중립",
      "velocity": null,
      "last": 847.0,
      "obv_norm": 0.111,
      "obv_state": "매집",
      "rs20": -4.4,
      "rs60": -12.3,
      "vol_surge": 0.52,
      "delta": -0.039,
      "new_green": false
    },
    {
      "ticker": "AMD",
      "name": "Advanced Micro Devices",
      "sector": "Information Technology",
      "industry": "Semiconductors",
      "mcap": 876235857417.0,
      "flow_score": -0.222,
      "tag": "🟡중립",
      "velocity": 1.08,
      "last": 471.11,
      "obv_norm": 0.112,
      "obv_state": "매집",
      "rs20": -4.4,
      "rs60": -15.5,
      "vol_surge": 0.51,
      "delta": 0.095,
      "new_green": false
    },
    {
      "ticker": "COR",
      "name": "Cencora",
      "sector": "Health Care",
      "industry": "Health Care Distributors",
      "mcap": 52887530327.0,
      "flow_score": -0.222,
      "tag": "🟡중립",
      "velocity": null,
      "last": 321.14,
      "obv_norm": 0.028,
      "obv_state": "중립",
      "rs20": -0.2,
      "rs60": 19.4,
      "vol_surge": 0.51,
      "delta": 0.003,
      "new_green": false
    },
    {
      "ticker": "BKR",
      "name": "Baker Hughes",
      "sector": "Energy",
      "industry": "Oil & Gas Equipment & Services",
      "mcap": 57946732440.0,
      "flow_score": -0.224,
      "tag": "🟡중립",
      "velocity": null,
      "last": 61.82,
      "obv_norm": 0.034,
      "obv_state": "중립",
      "rs20": -1.2,
      "rs60": -6.2,
      "vol_surge": 0.56,
      "delta": 0.02,
      "new_green": false
    },
    {
      "ticker": "AXP",
      "name": "American Express",
      "sector": "Financials",
      "industry": "Consumer Finance",
      "mcap": 230626337734.0,
      "flow_score": -0.226,
      "tag": "🟡중립",
      "velocity": null,
      "last": 335.52,
      "obv_norm": 0.078,
      "obv_state": "중립",
      "rs20": -3.6,
      "rs60": 9.3,
      "vol_surge": 0.57,
      "delta": 0.03,
      "new_green": false
    },
    {
      "ticker": "PG",
      "name": "Procter & Gamble",
      "sector": "Consumer Staples",
      "industry": "Personal Care Products",
      "mcap": 350174725681.0,
      "flow_score": -0.237,
      "tag": "🟡중립",
      "velocity": 0.85,
      "last": 143.3,
      "obv_norm": 0.045,
      "obv_state": "중립",
      "rs20": -4.2,
      "rs60": -0.1,
      "vol_surge": 0.72,
      "delta": -0.208,
      "new_green": false
    },
    {
      "ticker": "NUE",
      "name": "Nucor",
      "sector": "Materials",
      "industry": "Steel",
      "mcap": 55530076255.0,
      "flow_score": -0.237,
      "tag": "🟡중립",
      "velocity": null,
      "last": 255.04,
      "obv_norm": 0.085,
      "obv_state": "매집",
      "rs20": -4.2,
      "rs60": -3.4,
      "vol_surge": 0.57,
      "delta": -0.229,
      "new_green": false
    },
    {
      "ticker": "MLM",
      "name": "Martin Marietta Materials",
      "sector": "Materials",
      "industry": "Construction Materials",
      "mcap": 36575158314.0,
      "flow_score": -0.24,
      "tag": "🟡중립",
      "velocity": null,
      "last": 533.79,
      "obv_norm": -0.001,
      "obv_state": "중립",
      "rs20": -1.7,
      "rs60": -10.8,
      "vol_surge": 0.7,
      "delta": 0.241,
      "new_green": false
    },
    {
      "ticker": "MRSH",
      "name": "Marsh McLennan",
      "sector": "Financials",
      "industry": "Insurance Brokers",
      "mcap": 78248246671.0,
      "flow_score": -0.252,
      "tag": "🟡중립",
      "velocity": null,
      "last": 191.45,
      "obv_norm": -0.009,
      "obv_state": "중립",
      "rs20": -2.4,
      "rs60": 19.3,
      "vol_surge": 0.76,
      "delta": 0.066,
      "new_green": false
    },
    {
      "ticker": "CIEN",
      "name": "Ciena",
      "sector": "Information Technology",
      "industry": "Communications Equipment",
      "mcap": 60615792431.0,
      "flow_score": -0.253,
      "tag": "🟡중립",
      "velocity": null,
      "last": 394.96,
      "obv_norm": -0.008,
      "obv_state": "중립",
      "rs20": 1.4,
      "rs60": -38.7,
      "vol_surge": 0.47,
      "delta": -0.379,
      "new_green": false
    },
    {
      "ticker": "AME",
      "name": "Ametek",
      "sector": "Industrials",
      "industry": "Electrical Components & Equipment",
      "mcap": 54417376315.0,
      "flow_score": -0.257,
      "tag": "🟡중립",
      "velocity": null,
      "last": 243.96,
      "obv_norm": -0.006,
      "obv_state": "중립",
      "rs20": -2.4,
      "rs60": 4.5,
      "vol_surge": 0.74,
      "delta": -0.247,
      "new_green": false
    },
    {
      "ticker": "RTX",
      "name": "RTX Corporation",
      "sector": "Industrials",
      "industry": "Aerospace & Defense",
      "mcap": 249944452456.0,
      "flow_score": -0.259,
      "tag": "🟡중립",
      "velocity": null,
      "last": 211.93,
      "obv_norm": 0.059,
      "obv_state": "중립",
      "rs20": -4.9,
      "rs60": 20.5,
      "vol_surge": 0.68,
      "delta": -0.008,
      "new_green": false
    },
    {
      "ticker": "ORLY",
      "name": "O’Reilly Automotive",
      "sector": "Consumer Discretionary",
      "industry": "Automotive Retail",
      "mcap": 71965614425.0,
      "flow_score": -0.276,
      "tag": "🟡중립",
      "velocity": null,
      "last": 87.89,
      "obv_norm": 0.117,
      "obv_state": "매집",
      "rs20": -5.0,
      "rs60": -1.8,
      "vol_surge": 0.44,
      "delta": -0.216,
      "new_green": false
    },
    {
      "ticker": "GM",
      "name": "General Motors",
      "sector": "Consumer Discretionary",
      "industry": "Automobile Manufacturers",
      "mcap": 71493034137.0,
      "flow_score": -0.281,
      "tag": "🟡중립",
      "velocity": null,
      "last": 87.78,
      "obv_norm": 0.045,
      "obv_state": "중립",
      "rs20": -4.6,
      "rs60": 5.1,
      "vol_surge": 0.67,
      "delta": -0.159,
      "new_green": false
    },
    {
      "ticker": "CI",
      "name": "Cigna",
      "sector": "Health Care",
      "industry": "Health Care Services",
      "mcap": 73875961558.0,
      "flow_score": -0.282,
      "tag": "🟡중립",
      "velocity": null,
      "last": 278.3,
      "obv_norm": 0.014,
      "obv_state": "중립",
      "rs20": -3.6,
      "rs60": 0.4,
      "vol_surge": 0.71,
      "delta": 0.153,
      "new_green": false
    },
    {
      "ticker": "KDP",
      "name": "Keurig Dr Pepper",
      "sector": "Consumer Staples",
      "industry": "Soft Drinks & Non-alcoholic Beverages",
      "mcap": 41850809639.0,
      "flow_score": -0.284,
      "tag": "🟡중립",
      "velocity": null,
      "last": 32.05,
      "obv_norm": 0.021,
      "obv_state": "중립",
      "rs20": -0.4,
      "rs60": 2.5,
      "vol_surge": 0.44,
      "delta": 0.132,
      "new_green": false
    },
    {
      "ticker": "ETR",
      "name": "Entergy",
      "sector": "Utilities",
      "industry": "Electric Utilities",
      "mcap": 50875807849.0,
      "flow_score": -0.286,
      "tag": "🟡중립",
      "velocity": null,
      "last": 106.75,
      "obv_norm": 0.088,
      "obv_state": "매집",
      "rs20": -4.2,
      "rs60": -4.1,
      "vol_surge": 0.47,
      "delta": 0.092,
      "new_green": false
    },
    {
      "ticker": "TRGP",
      "name": "Targa Resources",
      "sector": "Energy",
      "industry": "Oil & Gas Storage & Transportation",
      "mcap": 55502617555.0,
      "flow_score": -0.292,
      "tag": "🟡중립",
      "velocity": null,
      "last": 289.44,
      "obv_norm": -0.129,
      "obv_state": "분산",
      "rs20": 3.7,
      "rs60": 7.8,
      "vol_surge": 0.68,
      "delta": -0.331,
      "new_green": false
    },
    {
      "ticker": "TFC",
      "name": "Truist Financial",
      "sector": "Financials",
      "industry": "Diversified Banks",
      "mcap": 60213347642.0,
      "flow_score": -0.294,
      "tag": "🟡중립",
      "velocity": null,
      "last": 50.78,
      "obv_norm": 0.095,
      "obv_state": "매집",
      "rs20": -5.4,
      "rs60": 4.7,
      "vol_surge": 0.52,
      "delta": 0.089,
      "new_green": false
    },
    {
      "ticker": "MA",
      "name": "Mastercard",
      "sector": "Financials",
      "industry": "Transaction & Payment Processing Services",
      "mcap": 432770543890.0,
      "flow_score": -0.295,
      "tag": "🟡중립",
      "velocity": 1.23,
      "last": 594.91,
      "obv_norm": -0.091,
      "obv_state": "분산",
      "rs20": 0.4,
      "rs60": 23.8,
      "vol_surge": 0.78,
      "delta": 0.142,
      "new_green": false
    },
    {
      "ticker": "ABBV",
      "name": "AbbVie",
      "sector": "Health Care",
      "industry": "Biotechnology",
      "mcap": 382492987523.0,
      "flow_score": -0.298,
      "tag": "🟡중립",
      "velocity": 0.81,
      "last": 256.86,
      "obv_norm": 0.021,
      "obv_state": "중립",
      "rs20": -1.0,
      "rs60": 15.9,
      "vol_surge": 0.46,
      "delta": 0.128,
      "new_green": false
    },
    {
      "ticker": "WFC",
      "name": "Wells Fargo",
      "sector": "Financials",
      "industry": "Diversified Banks",
      "mcap": 251547567067.0,
      "flow_score": -0.307,
      "tag": "🔴분산",
      "velocity": 0.63,
      "last": 85.61,
      "obv_norm": 0.064,
      "obv_state": "중립",
      "rs20": -4.3,
      "rs60": 6.4,
      "vol_surge": 0.53,
      "delta": -0.229,
      "new_green": false
    },
    {
      "ticker": "KVUE",
      "name": "Kenvue",
      "sector": "Consumer Staples",
      "industry": "Personal Care Products",
      "mcap": 34790558675.0,
      "flow_score": -0.319,
      "tag": "🟡중립",
      "velocity": null,
      "last": 19.35,
      "obv_norm": -0.028,
      "obv_state": "중립",
      "rs20": -2.8,
      "rs60": 12.6,
      "vol_surge": 0.74,
      "delta": 0.139,
      "new_green": false
    },
    {
      "ticker": "CL",
      "name": "Colgate-Palmolive",
      "sector": "Consumer Staples",
      "industry": "Household Products",
      "mcap": 71600942144.0,
      "flow_score": -0.32,
      "tag": "🟡중립",
      "velocity": null,
      "last": 91.51,
      "obv_norm": 0.007,
      "obv_state": "중립",
      "rs20": -3.1,
      "rs60": 5.5,
      "vol_surge": 0.63,
      "delta": 0.145,
      "new_green": false
    },
    {
      "ticker": "SHW",
      "name": "Sherwin-Williams",
      "sector": "Materials",
      "industry": "Specialty Chemicals",
      "mcap": 79118242968.0,
      "flow_score": -0.331,
      "tag": "🟡중립",
      "velocity": null,
      "last": 346.16,
      "obv_norm": -0.008,
      "obv_state": "중립",
      "rs20": -1.8,
      "rs60": 14.4,
      "vol_surge": 0.57,
      "delta": 0.117,
      "new_green": false
    },
    {
      "ticker": "LLY",
      "name": "Lilly (Eli)",
      "sector": "Health Care",
      "industry": "Pharmaceuticals",
      "mcap": 979640308493.0,
      "flow_score": -0.333,
      "tag": "🟡중립",
      "velocity": 0.49,
      "last": 1167.78,
      "obv_norm": -0.043,
      "obv_state": "중립",
      "rs20": -1.7,
      "rs60": 5.9,
      "vol_surge": 0.69,
      "delta": -0.005,
      "new_green": false
    },
    {
      "ticker": "NOC",
      "name": "Northrop Grumman",
      "sector": "Industrials",
      "industry": "Aerospace & Defense",
      "mcap": 74070457734.0,
      "flow_score": -0.345,
      "tag": "🟡중립",
      "velocity": null,
      "last": 545.66,
      "obv_norm": 0.013,
      "obv_state": "중립",
      "rs20": -2.8,
      "rs60": 1.4,
      "vol_surge": 0.54,
      "delta": -0.362,
      "new_green": false
    },
    {
      "ticker": "KMI",
      "name": "Kinder Morgan",
      "sector": "Energy",
      "industry": "Oil & Gas Storage & Transportation",
      "mcap": 70282246003.0,
      "flow_score": -0.349,
      "tag": "🟡중립",
      "velocity": null,
      "last": 31.6,
      "obv_norm": -0.05,
      "obv_state": "중립",
      "rs20": -5.2,
      "rs60": -1.6,
      "vol_surge": 0.95,
      "delta": -0.3,
      "new_green": false
    },
    {
      "ticker": "CCEP",
      "name": "Coca-Cola Europacific Partners",
      "sector": "Consumer Staples",
      "industry": "Soft Drinks & Non-alcoholic Beverages",
      "mcap": 42918379494.0,
      "flow_score": -0.351,
      "tag": "🟡중립",
      "velocity": null,
      "last": 108.75,
      "obv_norm": 0.018,
      "obv_state": "중립",
      "rs20": -4.0,
      "rs60": 15.3,
      "vol_surge": 0.6,
      "delta": 0.262,
      "new_green": false
    },
    {
      "ticker": "MSCI",
      "name": "MSCI Inc.",
      "sector": "Financials",
      "industry": "Financial Exchanges & Data",
      "mcap": 42268549372.0,
      "flow_score": -0.365,
      "tag": "🟡중립",
      "velocity": null,
      "last": 574.66,
      "obv_norm": 0.032,
      "obv_state": "중립",
      "rs20": -2.9,
      "rs60": -8.7,
      "vol_surge": 0.44,
      "delta": 0.268,
      "new_green": false
    },
    {
      "ticker": "JBL",
      "name": "Jabil",
      "sector": "Information Technology",
      "industry": "Electronic Manufacturing Services",
      "mcap": 39234315584.0,
      "flow_score": -0.369,
      "tag": "🟡중립",
      "velocity": null,
      "last": 308.54,
      "obv_norm": 0.059,
      "obv_state": "중립",
      "rs20": -5.4,
      "rs60": -21.0,
      "vol_surge": 0.52,
      "delta": -0.18,
      "new_green": false
    },
    {
      "ticker": "AEP",
      "name": "American Electric Power",
      "sector": "Utilities",
      "industry": "Electric Utilities",
      "mcap": 69476772864.0,
      "flow_score": -0.371,
      "tag": "🟡중립",
      "velocity": null,
      "last": 123.07,
      "obv_norm": 0.068,
      "obv_state": "중립",
      "rs20": -7.1,
      "rs60": -4.9,
      "vol_surge": 0.61,
      "delta": -0.21,
      "new_green": false
    },
    {
      "ticker": "KMB",
      "name": "Kimberly-Clark",
      "sector": "Consumer Staples",
      "industry": "Household Products",
      "mcap": 34042329749.0,
      "flow_score": -0.372,
      "tag": "🟡중립",
      "velocity": null,
      "last": 111.14,
      "obv_norm": -0.054,
      "obv_state": "중립",
      "rs20": -1.7,
      "rs60": 14.9,
      "vol_surge": 0.66,
      "delta": 0.206,
      "new_green": false
    },
    {
      "ticker": "PYPL",
      "name": "PayPal",
      "sector": "Financials",
      "industry": "Transaction & Payment Processing Services",
      "mcap": 37498303026.0,
      "flow_score": -0.373,
      "tag": "🟡중립",
      "velocity": null,
      "last": 53.62,
      "obv_norm": 0.077,
      "obv_state": "중립",
      "rs20": -9.6,
      "rs60": 23.5,
      "vol_surge": 0.64,
      "delta": -0.568,
      "new_green": false
    },
    {
      "ticker": "APO",
      "name": "Apollo Global Management",
      "sector": "Financials",
      "industry": "Asset Management & Custody Banks",
      "mcap": 79271158037.0,
      "flow_score": -0.381,
      "tag": "🟡중립",
      "velocity": null,
      "last": 133.8,
      "obv_norm": -0.087,
      "obv_state": "분산",
      "rs20": 3.2,
      "rs60": 5.2,
      "vol_surge": 0.31,
      "delta": -0.404,
      "new_green": false
    },
    {
      "ticker": "PEP",
      "name": "PepsiCo",
      "sector": "Consumer Staples",
      "industry": "Soft Drinks & Non-alcoholic Beverages",
      "mcap": 194132961831.0,
      "flow_score": -0.383,
      "tag": "🟡중립",
      "velocity": null,
      "last": 140.05,
      "obv_norm": -0.06,
      "obv_state": "중립",
      "rs20": -3.0,
      "rs60": -4.1,
      "vol_surge": 0.76,
      "delta": 0.084,
      "new_green": false
    },
    {
      "ticker": "CMG",
      "name": "Chipotle Mexican Grill",
      "sector": "Consumer Discretionary",
      "industry": "Restaurants",
      "mcap": 41676029813.0,
      "flow_score": -0.384,
      "tag": "🟡중립",
      "velocity": null,
      "last": 38.08,
      "obv_norm": -0.047,
      "obv_state": "중립",
      "rs20": -1.0,
      "rs60": 30.1,
      "vol_surge": 0.56,
      "delta": 0.256,
      "new_green": false
    },
    {
      "ticker": "GE",
      "name": "GE Aerospace",
      "sector": "Industrials",
      "industry": "Aerospace & Defense",
      "mcap": 373672874522.0,
      "flow_score": -0.388,
      "tag": "🟡중립",
      "velocity": 1.43,
      "last": 345.15,
      "obv_norm": 0.049,
      "obv_state": "중립",
      "rs20": -7.5,
      "rs60": 7.3,
      "vol_surge": 0.68,
      "delta": -0.282,
      "new_green": false
    },
    {
      "ticker": "ADM",
      "name": "Archer Daniels Midland",
      "sector": "Consumer Staples",
      "industry": "Agricultural Products & Services",
      "mcap": 36194934442.0,
      "flow_score": -0.388,
      "tag": "🟡중립",
      "velocity": null,
      "last": 81.41,
      "obv_norm": -0.095,
      "obv_state": "분산",
      "rs20": -0.7,
      "rs60": -5.6,
      "vol_surge": 0.71,
      "delta": 0.255,
      "new_green": false
    },
    {
      "ticker": "KEYS",
      "name": "Keysight Technologies",
      "sector": "Information Technology",
      "industry": "Electronic Equipment & Instruments",
      "mcap": 62149520775.0,
      "flow_score": -0.394,
      "tag": "🟡중립",
      "velocity": null,
      "last": 321.02,
      "obv_norm": -0.058,
      "obv_state": "중립",
      "rs20": -2.7,
      "rs60": -10.8,
      "vol_surge": 0.71,
      "delta": -0.092,
      "new_green": false
    },
    {
      "ticker": "IDXX",
      "name": "Idexx Laboratories",
      "sector": "Health Care",
      "industry": "Health Care Equipment",
      "mcap": 44339345902.0,
      "flow_score": -0.394,
      "tag": "🟡중립",
      "velocity": null,
      "last": 548.73,
      "obv_norm": 0.056,
      "obv_state": "중립",
      "rs20": -5.2,
      "rs60": -4.5,
      "vol_surge": 0.47,
      "delta": -0.186,
      "new_green": false
    },
    {
      "ticker": "MET",
      "name": "MetLife",
      "sector": "Financials",
      "industry": "Life & Health Insurance",
      "mcap": 55065320724.0,
      "flow_score": -0.398,
      "tag": "🟡중립",
      "velocity": null,
      "last": 96.96,
      "obv_norm": -0.021,
      "obv_state": "중립",
      "rs20": -2.5,
      "rs60": 17.4,
      "vol_surge": 0.55,
      "delta": 0.105,
      "new_green": false
    },
    {
      "ticker": "Q",
      "name": "Qnity Electronics",
      "sector": "Information Technology",
      "industry": "Semiconductor Materials & Equipment",
      "mcap": 35374138304.0,
      "flow_score": -0.402,
      "tag": "🟡중립",
      "velocity": null,
      "last": 125.45,
      "obv_norm": 0.089,
      "obv_state": "매집",
      "rs20": -7.7,
      "rs60": -21.4,
      "vol_surge": 0.52,
      "delta": -0.185,
      "new_green": false
    },
    {
      "ticker": "XYZ",
      "name": "Block, Inc.",
      "sector": "Financials",
      "industry": "Transaction & Payment Processing Services",
      "mcap": 44507634453.0,
      "flow_score": -0.408,
      "tag": "🟡중립",
      "velocity": null,
      "last": 85.54,
      "obv_norm": -0.138,
      "obv_state": "분산",
      "rs20": 1.9,
      "rs60": 20.2,
      "vol_surge": 0.64,
      "delta": 0.109,
      "new_green": false
    },
    {
      "ticker": "TEL",
      "name": "TE Connectivity",
      "sector": "Information Technology",
      "industry": "Electronic Manufacturing Services",
      "mcap": 63528201516.0,
      "flow_score": -0.438,
      "tag": "🟡중립",
      "velocity": null,
      "last": 202.64,
      "obv_norm": -0.013,
      "obv_state": "중립",
      "rs20": -4.8,
      "rs60": -9.6,
      "vol_surge": 0.62,
      "delta": -0.026,
      "new_green": false
    },
    {
      "ticker": "CBRE",
      "name": "CBRE Group",
      "sector": "Real Estate",
      "industry": "Real Estate Services",
      "mcap": 38520021861.0,
      "flow_score": -0.449,
      "tag": "🟡중립",
      "velocity": null,
      "last": 147.66,
      "obv_norm": -0.018,
      "obv_state": "중립",
      "rs20": -2.8,
      "rs60": 14.8,
      "vol_surge": 0.47,
      "delta": 0.064,
      "new_green": false
    },
    {
      "ticker": "CME",
      "name": "CME Group",
      "sector": "Financials",
      "industry": "Financial Exchanges & Data",
      "mcap": 89022701155.0,
      "flow_score": -0.453,
      "tag": "🟡중립",
      "velocity": null,
      "last": 280.73,
      "obv_norm": -0.109,
      "obv_state": "분산",
      "rs20": 1.5,
      "rs60": 8.7,
      "vol_surge": 0.48,
      "delta": -0.333,
      "new_green": false
    },
    {
      "ticker": "MO",
      "name": "Altria",
      "sector": "Consumer Staples",
      "industry": "Tobacco",
      "mcap": 115422886749.0,
      "flow_score": -0.46,
      "tag": "🟡중립",
      "velocity": null,
      "last": 67.82,
      "obv_norm": -0.048,
      "obv_state": "중립",
      "rs20": -4.1,
      "rs60": -5.9,
      "vol_surge": 0.66,
      "delta": -0.234,
      "new_green": false
    },
    {
      "ticker": "MCK",
      "name": "McKesson Corporation",
      "sector": "Health Care",
      "industry": "Health Care Distributors",
      "mcap": 87882068301.0,
      "flow_score": -0.472,
      "tag": "🟡중립",
      "velocity": null,
      "last": 891.92,
      "obv_norm": -0.17,
      "obv_state": "분산",
      "rs20": 0.8,
      "rs60": 18.2,
      "vol_surge": 0.69,
      "delta": 0.023,
      "new_green": false
    },
    {
      "ticker": "FITB",
      "name": "Fifth Third Bancorp",
      "sector": "Financials",
      "industry": "Regional Banks",
      "mcap": 47798872562.0,
      "flow_score": -0.495,
      "tag": "🟡중립",
      "velocity": null,
      "last": 55.1,
      "obv_norm": 0.001,
      "obv_state": "중립",
      "rs20": -5.8,
      "rs60": 9.0,
      "vol_surge": 0.54,
      "delta": 0.097,
      "new_green": false
    },
    {
      "ticker": "XEL",
      "name": "Xcel Energy",
      "sector": "Utilities",
      "industry": "Multi-Utilities",
      "mcap": 48324708925.0,
      "flow_score": -0.496,
      "tag": "🟡중립",
      "velocity": null,
      "last": 76.91,
      "obv_norm": -0.066,
      "obv_state": "중립",
      "rs20": -5.0,
      "rs60": -3.0,
      "vol_surge": 0.73,
      "delta": 0.025,
      "new_green": false
    },
    {
      "ticker": "CAT",
      "name": "Caterpillar Inc.",
      "sector": "Industrials",
      "industry": "Construction Machinery & Heavy Transportation Equipment",
      "mcap": 454060792054.0,
      "flow_score": -0.502,
      "tag": "🔴분산",
      "velocity": 0.48,
      "last": 817.96,
      "obv_norm": -0.045,
      "obv_state": "중립",
      "rs20": -3.0,
      "rs60": -14.1,
      "vol_surge": 0.49,
      "delta": -0.245,
      "new_green": false
    },
    {
      "ticker": "TMUS",
      "name": "T-Mobile US",
      "sector": "Communication Services",
      "industry": "Wireless Telecommunication Services",
      "mcap": 196604128955.0,
      "flow_score": -0.504,
      "tag": "🟡중립",
      "velocity": null,
      "last": 177.46,
      "obv_norm": -0.118,
      "obv_state": "분산",
      "rs20": -0.6,
      "rs60": -4.6,
      "vol_surge": 0.58,
      "delta": 0.104,
      "new_green": false
    },
    {
      "ticker": "KLAC",
      "name": "KLA Corporation",
      "sector": "Information Technology",
      "industry": "Semiconductor Materials & Equipment",
      "mcap": 339056790318.0,
      "flow_score": -0.516,
      "tag": "🟡중립",
      "velocity": 1.05,
      "last": 181.07,
      "obv_norm": -0.031,
      "obv_state": "중립",
      "rs20": -4.3,
      "rs60": -17.2,
      "vol_surge": 0.51,
      "delta": -0.389,
      "new_green": false
    },
    {
      "ticker": "CTAS",
      "name": "Cintas",
      "sector": "Industrials",
      "industry": "Diversified Support Services",
      "mcap": 68363388561.0,
      "flow_score": -0.532,
      "tag": "🔴분산",
      "velocity": null,
      "last": 205.5,
      "obv_norm": -0.104,
      "obv_state": "분산",
      "rs20": -2.9,
      "rs60": 15.2,
      "vol_surge": 0.65,
      "delta": 0.113,
      "new_green": false
    },
    {
      "ticker": "LHX",
      "name": "L3Harris",
      "sector": "Industrials",
      "industry": "Aerospace & Defense",
      "mcap": 54923478818.0,
      "flow_score": -0.533,
      "tag": "🟡중립",
      "velocity": null,
      "last": 263.68,
      "obv_norm": -0.048,
      "obv_state": "중립",
      "rs20": -8.2,
      "rs60": -15.5,
      "vol_surge": 0.82,
      "delta": -0.285,
      "new_green": false
    },
    {
      "ticker": "YUM",
      "name": "Yum! Brands",
      "sector": "Consumer Discretionary",
      "industry": "Restaurants",
      "mcap": 41891668006.0,
      "flow_score": -0.54,
      "tag": "🔴분산",
      "velocity": null,
      "last": 152.8,
      "obv_norm": -0.097,
      "obv_state": "분산",
      "rs20": -3.7,
      "rs60": 0.6,
      "vol_surge": 0.67,
      "delta": 0.07,
      "new_green": false
    },
    {
      "ticker": "UAL",
      "name": "United Airlines Holdings",
      "sector": "Industrials",
      "industry": "Passenger Airlines",
      "mcap": 38403090117.0,
      "flow_score": -0.54,
      "tag": "🟡중립",
      "velocity": null,
      "last": 113.41,
      "obv_norm": 0.018,
      "obv_state": "중립",
      "rs20": -9.9,
      "rs60": 5.5,
      "vol_surge": 0.56,
      "delta": -0.003,
      "new_green": false
    },
    {
      "ticker": "HWM",
      "name": "Howmet Aerospace",
      "sector": "Industrials",
      "industry": "Aerospace & Defense",
      "mcap": 111093845195.0,
      "flow_score": -0.542,
      "tag": "🟡중립",
      "velocity": null,
      "last": 266.12,
      "obv_norm": -0.015,
      "obv_state": "중립",
      "rs20": -9.1,
      "rs60": 4.7,
      "vol_surge": 0.68,
      "delta": -0.279,
      "new_green": false
    },
    {
      "ticker": "LOW",
      "name": "Lowe's",
      "sector": "Consumer Discretionary",
      "industry": "Home Improvement Retail",
      "mcap": 124589102799.0,
      "flow_score": -0.544,
      "tag": "🔴분산",
      "velocity": null,
      "last": 206.32,
      "obv_norm": -0.118,
      "obv_state": "분산",
      "rs20": -4.1,
      "rs60": -3.0,
      "vol_surge": 0.77,
      "delta": 0.065,
      "new_green": false
    },
    {
      "ticker": "SYK",
      "name": "Stryker Corporation",
      "sector": "Health Care",
      "industry": "Health Care Equipment",
      "mcap": 117998437863.0,
      "flow_score": -0.565,
      "tag": "🔴분산",
      "velocity": null,
      "last": 323.56,
      "obv_norm": -0.098,
      "obv_state": "분산",
      "rs20": -4.0,
      "rs60": 7.3,
      "vol_surge": 0.65,
      "delta": 0.234,
      "new_green": false
    },
    {
      "ticker": "XOM",
      "name": "ExxonMobil",
      "sector": "Energy",
      "industry": "Integrated Oil & Gas",
      "mcap": 571215158275.0,
      "flow_score": -0.571,
      "tag": "🔴분산",
      "velocity": 1.13,
      "last": 156.76,
      "obv_norm": -0.249,
      "obv_state": "분산",
      "rs20": -2.5,
      "rs60": 0.4,
      "vol_surge": 0.76,
      "delta": 0.05,
      "new_green": false
    },
    {
      "ticker": "GRMN",
      "name": "Garmin",
      "sector": "Consumer Discretionary",
      "industry": "Consumer Electronics",
      "mcap": 45166922856.0,
      "flow_score": -0.592,
      "tag": "🔴분산",
      "velocity": null,
      "last": 290.08,
      "obv_norm": -0.131,
      "obv_state": "분산",
      "rs20": -4.6,
      "rs60": 19.5,
      "vol_surge": 0.77,
      "delta": 0.122,
      "new_green": false
    },
    {
      "ticker": "ON",
      "name": "ON Semiconductor",
      "sector": "Information Technology",
      "industry": "Semiconductors",
      "mcap": 47286245157.0,
      "flow_score": -0.607,
      "tag": "🟡중립",
      "velocity": null,
      "last": 73.68,
      "obv_norm": 0.01,
      "obv_state": "중립",
      "rs20": -13.1,
      "rs60": -47.4,
      "vol_surge": 0.47,
      "delta": 0.183,
      "new_green": false
    },
    {
      "ticker": "PDD",
      "name": "PDD Holdings",
      "sector": "Consumer Discretionary",
      "industry": "Broadline Retail",
      "mcap": 113245419041.0,
      "flow_score": -0.609,
      "tag": "🔴분산",
      "velocity": null,
      "last": 85.25,
      "obv_norm": -0.145,
      "obv_state": "분산",
      "rs20": -7.1,
      "rs60": -2.5,
      "vol_surge": 0.98,
      "delta": -0.209,
      "new_green": false
    },
    {
      "ticker": "PWR",
      "name": "Quanta Services",
      "sector": "Industrials",
      "industry": "Construction & Engineering",
      "mcap": 105379739635.0,
      "flow_score": -0.611,
      "tag": "🟡중립",
      "velocity": null,
      "last": 615.47,
      "obv_norm": -0.08,
      "obv_state": "중립",
      "rs20": -11.1,
      "rs60": -16.4,
      "vol_surge": 0.8,
      "delta": -0.133,
      "new_green": false
    },
    {
      "ticker": "CARR",
      "name": "Carrier Global",
      "sector": "Industrials",
      "industry": "Building Products",
      "mcap": 59643978147.0,
      "flow_score": -0.613,
      "tag": "🔴분산",
      "velocity": null,
      "last": 58.91,
      "obv_norm": -0.086,
      "obv_state": "분산",
      "rs20": -8.0,
      "rs60": -15.2,
      "vol_surge": 0.82,
      "delta": -0.044,
      "new_green": false
    },
    {
      "ticker": "HD",
      "name": "Home Depot (The)",
      "sector": "Consumer Discretionary",
      "industry": "Home Improvement Retail",
      "mcap": 333316163241.0,
      "flow_score": -0.617,
      "tag": "🔴분산",
      "velocity": 1.36,
      "last": 328.83,
      "obv_norm": -0.122,
      "obv_state": "분산",
      "rs20": -4.3,
      "rs60": 2.7,
      "vol_surge": 0.67,
      "delta": 0.061,
      "new_green": false
    },
    {
      "ticker": "GEV",
      "name": "GE Vernova",
      "sector": "Industrials",
      "industry": "Heavy Electrical Equipment",
      "mcap": 298206634802.0,
      "flow_score": -0.62,
      "tag": "🟡중립",
      "velocity": 1.17,
      "last": 941.36,
      "obv_norm": -0.031,
      "obv_state": "중립",
      "rs20": -8.3,
      "rs60": -4.2,
      "vol_surge": 0.6,
      "delta": -0.17,
      "new_green": false
    },
    {
      "ticker": "NKE",
      "name": "Nike, Inc.",
      "sector": "Consumer Discretionary",
      "industry": "Apparel, Accessories & Luxury Goods",
      "mcap": 66936095021.0,
      "flow_score": -0.628,
      "tag": "🔴분산",
      "velocity": null,
      "last": 38.8,
      "obv_norm": -0.363,
      "obv_state": "분산",
      "rs20": -10.3,
      "rs60": -13.8,
      "vol_surge": 1.07,
      "delta": 0.089,
      "new_green": false
    },
    {
      "ticker": "AZO",
      "name": "AutoZone",
      "sector": "Consumer Discretionary",
      "industry": "Automotive Retail",
      "mcap": 50028723571.0,
      "flow_score": -0.628,
      "tag": "🔴분산",
      "velocity": null,
      "last": 2944.16,
      "obv_norm": -0.102,
      "obv_state": "분산",
      "rs20": -5.7,
      "rs60": -6.2,
      "vol_surge": 0.68,
      "delta": -0.197,
      "new_green": false
    },
    {
      "ticker": "ADI",
      "name": "Analog Devices",
      "sector": "Information Technology",
      "industry": "Semiconductors",
      "mcap": 211619831236.0,
      "flow_score": -0.633,
      "tag": "🔴분산",
      "velocity": null,
      "last": 369.33,
      "obv_norm": -0.18,
      "obv_state": "분산",
      "rs20": -2.8,
      "rs60": -18.0,
      "vol_surge": 0.67,
      "delta": -0.076,
      "new_green": false
    },
    {
      "ticker": "MCHP",
      "name": "Microchip Technology",
      "sector": "Information Technology",
      "industry": "Semiconductors",
      "mcap": 54083248045.0,
      "flow_score": -0.633,
      "tag": "🔴분산",
      "velocity": null,
      "last": 74.93,
      "obv_norm": -0.142,
      "obv_state": "분산",
      "rs20": -2.5,
      "rs60": -24.8,
      "vol_surge": 0.58,
      "delta": 0.124,
      "new_green": false
    },
    {
      "ticker": "COST",
      "name": "Costco",
      "sector": "Consumer Staples",
      "industry": "Consumer Staples Merchandise Retail",
      "mcap": 421947913479.0,
      "flow_score": -0.638,
      "tag": "🔴분산",
      "velocity": 0.99,
      "last": 939.74,
      "obv_norm": -0.121,
      "obv_state": "분산",
      "rs20": -4.6,
      "rs60": -4.7,
      "vol_surge": 0.65,
      "delta": -0.028,
      "new_green": false
    },
    {
      "ticker": "HLT",
      "name": "Hilton Worldwide",
      "sector": "Consumer Discretionary",
      "industry": "Hotels, Resorts & Cruise Lines",
      "mcap": 79412857254.0,
      "flow_score": -0.638,
      "tag": "🟡중립",
      "velocity": null,
      "last": 325.16,
      "obv_norm": -0.127,
      "obv_state": "분산",
      "rs20": -1.9,
      "rs60": -4.2,
      "vol_surge": 0.47,
      "delta": -0.02,
      "new_green": false
    },
    {
      "ticker": "BRK-B",
      "name": "Berkshire Hathaway",
      "sector": "Financials",
      "industry": "Multi-Sector Holdings",
      "mcap": 1055693641049.0,
      "flow_score": -0.641,
      "tag": "🔴분산",
      "velocity": 0.98,
      "last": 504.78,
      "obv_norm": -0.139,
      "obv_state": "분산",
      "rs20": -4.7,
      "rs60": 3.8,
      "vol_surge": 0.72,
      "delta": -0.192,
      "new_green": false
    },
    {
      "ticker": "TJX",
      "name": "TJX Companies",
      "sector": "Consumer Discretionary",
      "industry": "Apparel Retail",
      "mcap": 180961632602.0,
      "flow_score": -0.644,
      "tag": "🔴분산",
      "velocity": null,
      "last": 134.04,
      "obv_norm": -0.376,
      "obv_state": "분산",
      "rs20": -18.2,
      "rs60": -17.5,
      "vol_surge": 1.04,
      "delta": -0.055,
      "new_green": false
    },
    {
      "ticker": "KR",
      "name": "Kroger",
      "sector": "Consumer Staples",
      "industry": "Food Retail",
      "mcap": 34701930374.0,
      "flow_score": -0.652,
      "tag": "🔴분산",
      "velocity": null,
      "last": 57.62,
      "obv_norm": -0.121,
      "obv_state": "분산",
      "rs20": -3.6,
      "rs60": -8.3,
      "vol_surge": 0.55,
      "delta": 0.015,
      "new_green": false
    },
    {
      "ticker": "AVGO",
      "name": "Broadcom",
      "sector": "Information Technology",
      "industry": "Semiconductors",
      "mcap": 1957030643485.0,
      "flow_score": -0.656,
      "tag": "🔴분산",
      "velocity": 1.39,
      "last": 375.38,
      "obv_norm": -0.105,
      "obv_state": "분산",
      "rs20": -6.9,
      "rs60": -24.0,
      "vol_surge": 0.73,
      "delta": 0.059,
      "new_green": false
    },
    {
      "ticker": "DDOG",
      "name": "Datadog",
      "sector": "Information Technology",
      "industry": "Application Software",
      "mcap": 79379122147.0,
      "flow_score": -0.656,
      "tag": "🟡중립",
      "velocity": null,
      "last": 246.16,
      "obv_norm": -0.056,
      "obv_state": "중립",
      "rs20": -11.5,
      "rs60": -4.0,
      "vol_surge": 0.63,
      "delta": 0.231,
      "new_green": false
    },
    {
      "ticker": "NEE",
      "name": "NextEra Energy",
      "sector": "Utilities",
      "industry": "Multi-Utilities",
      "mcap": 180926264806.0,
      "flow_score": -0.661,
      "tag": "🟡중립",
      "velocity": null,
      "last": 82.06,
      "obv_norm": -0.04,
      "obv_state": "중립",
      "rs20": -9.0,
      "rs60": -5.4,
      "vol_surge": 0.56,
      "delta": 0.012,
      "new_green": false
    },
    {
      "ticker": "EOG",
      "name": "EOG Resources",
      "sector": "Energy",
      "industry": "Oil & Gas Exploration & Production",
      "mcap": 69231054053.0,
      "flow_score": -0.663,
      "tag": "🔴분산",
      "velocity": null,
      "last": 144.82,
      "obv_norm": -0.105,
      "obv_state": "분산",
      "rs20": -6.0,
      "rs60": -0.0,
      "vol_surge": 0.65,
      "delta": -0.259,
      "new_green": false
    },
    {
      "ticker": "CB",
      "name": "Chubb Limited",
      "sector": "Financials",
      "industry": "Property & Casualty Insurance",
      "mcap": 125433955913.0,
      "flow_score": -0.665,
      "tag": "🔴분산",
      "velocity": null,
      "last": 339.56,
      "obv_norm": -0.112,
      "obv_state": "분산",
      "rs20": -6.5,
      "rs60": 6.2,
      "vol_surge": 0.71,
      "delta": -0.233,
      "new_green": false
    },
    {
      "ticker": "WMT",
      "name": "Walmart",
      "sector": "Consumer Staples",
      "industry": "Consumer Staples Merchandise Retail",
      "mcap": 932527717811.0,
      "flow_score": -0.667,
      "tag": "🔴분산",
      "velocity": 1.63,
      "last": 102.58,
      "obv_norm": -0.376,
      "obv_state": "분산",
      "rs20": -11.1,
      "rs60": -14.6,
      "vol_surge": 1.0,
      "delta": -0.078,
      "new_green": false
    },
    {
      "ticker": "TTWO",
      "name": "Take-Two Interactive",
      "sector": "Communication Services",
      "industry": "Interactive Home Entertainment",
      "mcap": 44426318895.0,
      "flow_score": -0.669,
      "tag": "🔴분산",
      "velocity": null,
      "last": 234.19,
      "obv_norm": -0.24,
      "obv_state": "분산",
      "rs20": -7.0,
      "rs60": 6.2,
      "vol_surge": 0.92,
      "delta": 0.17,
      "new_green": false
    },
    {
      "ticker": "AIG",
      "name": "American International Group",
      "sector": "Financials",
      "industry": "Multi-line Insurance",
      "mcap": 39245862698.0,
      "flow_score": -0.671,
      "tag": "🔴분산",
      "velocity": null,
      "last": 76.78,
      "obv_norm": -0.114,
      "obv_state": "분산",
      "rs20": -5.6,
      "rs60": 3.5,
      "vol_surge": 0.64,
      "delta": 0.046,
      "new_green": false
    },
    {
      "ticker": "FANG",
      "name": "Diamondback Energy",
      "sector": "Energy",
      "industry": "Oil & Gas Exploration & Production",
      "mcap": 51620989999.0,
      "flow_score": -0.679,
      "tag": "🔴분산",
      "velocity": null,
      "last": 201.1,
      "obv_norm": -0.277,
      "obv_state": "분산",
      "rs20": -4.3,
      "rs60": -6.9,
      "vol_surge": 0.7,
      "delta": -0.01,
      "new_green": false
    },
    {
      "ticker": "GD",
      "name": "General Dynamics",
      "sector": "Industrials",
      "industry": "Aerospace & Defense",
      "mcap": 94653272392.0,
      "flow_score": -0.688,
      "tag": "🔴분산",
      "velocity": null,
      "last": 380.04,
      "obv_norm": -0.134,
      "obv_state": "분산",
      "rs20": -4.2,
      "rs60": 10.4,
      "vol_surge": 0.58,
      "delta": -0.303,
      "new_green": false
    },
    {
      "ticker": "EBAY",
      "name": "eBay Inc.",
      "sector": "Consumer Discretionary",
      "industry": "Broadline Retail",
      "mcap": 48058559051.0,
      "flow_score": -0.688,
      "tag": "🟡중립",
      "velocity": null,
      "last": 103.26,
      "obv_norm": -0.069,
      "obv_state": "중립",
      "rs20": -12.8,
      "rs60": -7.5,
      "vol_surge": 0.62,
      "delta": -0.177,
      "new_green": false
    },
    {
      "ticker": "WM",
      "name": "Waste Management",
      "sector": "Industrials",
      "industry": "Environmental & Facilities Services",
      "mcap": 86178158830.0,
      "flow_score": -0.692,
      "tag": "🔴분산",
      "velocity": null,
      "last": 219.24,
      "obv_norm": -0.512,
      "obv_state": "분산",
      "rs20": -6.6,
      "rs60": -1.8,
      "vol_surge": 0.85,
      "delta": 0.033,
      "new_green": false
    },
    {
      "ticker": "BA",
      "name": "Boeing",
      "sector": "Industrials",
      "industry": "Aerospace & Defense",
      "mcap": 175570696122.0,
      "flow_score": -0.694,
      "tag": "🔴분산",
      "velocity": null,
      "last": 209.63,
      "obv_norm": -0.141,
      "obv_state": "분산",
      "rs20": -6.4,
      "rs60": -2.8,
      "vol_surge": 0.76,
      "delta": 0.073,
      "new_green": false
    },
    {
      "ticker": "TER",
      "name": "Teradyne",
      "sector": "Information Technology",
      "industry": "Semiconductor Materials & Equipment",
      "mcap": 68552945685.0,
      "flow_score": -0.715,
      "tag": "🔴분산",
      "velocity": null,
      "last": 368.22,
      "obv_norm": -0.135,
      "obv_state": "분산",
      "rs20": -3.2,
      "rs60": -12.5,
      "vol_surge": 0.46,
      "delta": -0.062,
      "new_green": false
    },
    {
      "ticker": "SO",
      "name": "Southern Company",
      "sector": "Utilities",
      "industry": "Electric Utilities",
      "mcap": 104940455084.0,
      "flow_score": -0.733,
      "tag": "🔴분산",
      "velocity": null,
      "last": 89.0,
      "obv_norm": -0.269,
      "obv_state": "분산",
      "rs20": -9.2,
      "rs60": -4.0,
      "vol_surge": 0.88,
      "delta": -0.007,
      "new_green": false
    },
    {
      "ticker": "WEC",
      "name": "WEC Energy Group",
      "sector": "Utilities",
      "industry": "Electric Utilities",
      "mcap": 36536648704.0,
      "flow_score": -0.749,
      "tag": "🔴분산",
      "velocity": null,
      "last": 106.43,
      "obv_norm": -0.175,
      "obv_state": "분산",
      "rs20": -6.1,
      "rs60": -5.7,
      "vol_surge": 0.71,
      "delta": -0.014,
      "new_green": false
    },
    {
      "ticker": "PLD",
      "name": "Prologis",
      "sector": "Real Estate",
      "industry": "Industrial REITs",
      "mcap": 131030776260.0,
      "flow_score": -0.75,
      "tag": "🔴분산",
      "velocity": null,
      "last": 141.81,
      "obv_norm": -0.142,
      "obv_state": "분산",
      "rs20": -5.3,
      "rs60": -2.4,
      "vol_surge": 0.58,
      "delta": 0.028,
      "new_green": false
    },
    {
      "ticker": "UNH",
      "name": "UnitedHealth Group",
      "sector": "Health Care",
      "industry": "Managed Health Care",
      "mcap": 364129572467.0,
      "flow_score": -0.753,
      "tag": "🔴분산",
      "velocity": 0.96,
      "last": 393.11,
      "obv_norm": -0.087,
      "obv_state": "분산",
      "rs20": -8.5,
      "rs60": 1.9,
      "vol_surge": 0.57,
      "delta": -0.013,
      "new_green": false
    },
    {
      "ticker": "SRE",
      "name": "Sempra",
      "sector": "Utilities",
      "industry": "Multi-Utilities",
      "mcap": 59284725792.0,
      "flow_score": -0.765,
      "tag": "🔴분산",
      "velocity": null,
      "last": 86.51,
      "obv_norm": -0.214,
      "obv_state": "분산",
      "rs20": -5.7,
      "rs60": -5.7,
      "vol_surge": 0.65,
      "delta": 0.029,
      "new_green": false
    },
    {
      "ticker": "TRV",
      "name": "Travelers Companies (The)",
      "sector": "Financials",
      "industry": "Property & Casualty Insurance",
      "mcap": 65454162433.0,
      "flow_score": -0.769,
      "tag": "🔴분산",
      "velocity": null,
      "last": 369.73,
      "obv_norm": -0.184,
      "obv_state": "분산",
      "rs20": -4.6,
      "rs60": 25.1,
      "vol_surge": 0.56,
      "delta": 0.005,
      "new_green": false
    },
    {
      "ticker": "MPWR",
      "name": "Monolithic Power Systems",
      "sector": "Information Technology",
      "industry": "Semiconductors",
      "mcap": 76823432409.0,
      "flow_score": -0.771,
      "tag": "🟡중립",
      "velocity": null,
      "last": 1292.59,
      "obv_norm": -0.058,
      "obv_state": "중립",
      "rs20": -12.7,
      "rs60": -25.9,
      "vol_surge": 0.43,
      "delta": -0.389,
      "new_green": false
    },
    {
      "ticker": "CMI",
      "name": "Cummins",
      "sector": "Industrials",
      "industry": "Construction Machinery & Heavy Transportation Equipment",
      "mcap": 98918840548.0,
      "flow_score": -0.8,
      "tag": "🔴분산",
      "velocity": null,
      "last": 572.05,
      "obv_norm": -0.261,
      "obv_state": "분산",
      "rs20": -13.2,
      "rs60": -18.5,
      "vol_surge": 0.76,
      "delta": 0.011,
      "new_green": false
    },
    {
      "ticker": "TDG",
      "name": "TransDigm Group",
      "sector": "Industrials",
      "industry": "Aerospace & Defense",
      "mcap": 74297140912.0,
      "flow_score": -0.8,
      "tag": "🔴분산",
      "velocity": null,
      "last": 1187.54,
      "obv_norm": -0.189,
      "obv_state": "분산",
      "rs20": -8.7,
      "rs60": -4.4,
      "vol_surge": 0.76,
      "delta": -0.167,
      "new_green": false
    },
    {
      "ticker": "ITW",
      "name": "Illinois Tool Works",
      "sector": "Industrials",
      "industry": "Industrial Machinery & Supplies & Components",
      "mcap": 75978691946.0,
      "flow_score": -0.803,
      "tag": "🔴분산",
      "velocity": null,
      "last": 283.29,
      "obv_norm": -0.336,
      "obv_state": "분산",
      "rs20": -4.6,
      "rs60": 10.8,
      "vol_surge": 0.5,
      "delta": -0.035,
      "new_green": false
    },
    {
      "ticker": "O",
      "name": "Realty Income",
      "sector": "Real Estate",
      "industry": "Retail REITs",
      "mcap": 56173351572.0,
      "flow_score": -0.803,
      "tag": "🔴분산",
      "velocity": null,
      "last": 61.82,
      "obv_norm": -0.197,
      "obv_state": "분산",
      "rs20": -6.6,
      "rs60": 1.1,
      "vol_surge": 0.65,
      "delta": 0.062,
      "new_green": false
    },
    {
      "ticker": "CCL",
      "name": "Carnival Corporation",
      "sector": "Consumer Discretionary",
      "industry": "Hotels, Resorts & Cruise Lines",
      "mcap": 42759259904.0,
      "flow_score": -0.806,
      "tag": "🔴분산",
      "velocity": null,
      "last": 25.35,
      "obv_norm": -0.243,
      "obv_state": "분산",
      "rs20": -12.2,
      "rs60": -9.1,
      "vol_surge": 0.75,
      "delta": -0.032,
      "new_green": false
    },
    {
      "ticker": "TXN",
      "name": "Texas Instruments",
      "sector": "Information Technology",
      "industry": "Semiconductors",
      "mcap": 293832545170.0,
      "flow_score": -0.807,
      "tag": "🔴분산",
      "velocity": 0.78,
      "last": 263.1,
      "obv_norm": -0.096,
      "obv_state": "분산",
      "rs20": -7.9,
      "rs60": -17.1,
      "vol_surge": 0.5,
      "delta": 0.132,
      "new_green": false
    },
    {
      "ticker": "MAR",
      "name": "Marriott International",
      "sector": "Consumer Discretionary",
      "industry": "Hotels, Resorts & Cruise Lines",
      "mcap": 104473435651.0,
      "flow_score": -0.811,
      "tag": "🔴분산",
      "velocity": null,
      "last": 354.59,
      "obv_norm": -0.267,
      "obv_state": "분산",
      "rs20": -8.2,
      "rs60": -8.3,
      "vol_surge": 0.74,
      "delta": 0.028,
      "new_green": false
    },
    {
      "ticker": "ROST",
      "name": "Ross Stores",
      "sector": "Consumer Discretionary",
      "industry": "Apparel Retail",
      "mcap": 74677835471.0,
      "flow_score": -0.811,
      "tag": "🔴분산",
      "velocity": null,
      "last": 229.9,
      "obv_norm": -0.152,
      "obv_state": "분산",
      "rs20": -11.8,
      "rs60": -3.5,
      "vol_surge": 0.71,
      "delta": -0.202,
      "new_green": false
    },
    {
      "ticker": "ALL",
      "name": "Allstate",
      "sector": "Financials",
      "industry": "Property & Casualty Insurance",
      "mcap": 56933786616.0,
      "flow_score": -0.812,
      "tag": "🔴분산",
      "velocity": null,
      "last": 257.38,
      "obv_norm": -0.26,
      "obv_state": "분산",
      "rs20": -5.9,
      "rs60": 20.6,
      "vol_surge": 0.58,
      "delta": -0.073,
      "new_green": false
    },
    {
      "ticker": "HIG",
      "name": "Hartford (The)",
      "sector": "Financials",
      "industry": "Property & Casualty Insurance",
      "mcap": 35157277665.0,
      "flow_score": -0.814,
      "tag": "🔴분산",
      "velocity": null,
      "last": 138.46,
      "obv_norm": -0.21,
      "obv_state": "분산",
      "rs20": -5.8,
      "rs60": 7.6,
      "vol_surge": 0.57,
      "delta": -0.068,
      "new_green": false
    },
    {
      "ticker": "VST",
      "name": "Vistra Corp.",
      "sector": "Utilities",
      "industry": "Electric Utilities",
      "mcap": 55213629135.0,
      "flow_score": -0.817,
      "tag": "🔴분산",
      "velocity": null,
      "last": 139.61,
      "obv_norm": -0.213,
      "obv_state": "분산",
      "rs20": -9.1,
      "rs60": -11.6,
      "vol_surge": 0.73,
      "delta": -0.056,
      "new_green": false
    },
    {
      "ticker": "GOOGL",
      "name": "Alphabet Inc. (Class A)",
      "sector": "Communication Services",
      "industry": "Interactive Media & Services",
      "mcap": 4490912973770.0,
      "flow_score": -0.822,
      "tag": "🔴분산",
      "velocity": 1.1,
      "last": 342.5,
      "obv_norm": -0.144,
      "obv_state": "분산",
      "rs20": -7.2,
      "rs60": -7.0,
      "vol_surge": 0.6,
      "delta": -0.511,
      "new_green": false
    },
    {
      "ticker": "F",
      "name": "Ford Motor Company",
      "sector": "Consumer Discretionary",
      "industry": "Automobile Manufacturers",
      "mcap": 56024780049.0,
      "flow_score": -0.825,
      "tag": "🔴분산",
      "velocity": null,
      "last": 14.15,
      "obv_norm": -0.168,
      "obv_state": "분산",
      "rs20": -7.0,
      "rs60": -12.3,
      "vol_surge": 0.64,
      "delta": 0.031,
      "new_green": false
    },
    {
      "ticker": "D",
      "name": "Dominion Energy",
      "sector": "Utilities",
      "industry": "Multi-Utilities",
      "mcap": 60167452251.0,
      "flow_score": -0.835,
      "tag": "🔴분산",
      "velocity": null,
      "last": 66.01,
      "obv_norm": -0.219,
      "obv_state": "분산",
      "rs20": -7.9,
      "rs60": -1.5,
      "vol_surge": 0.69,
      "delta": 0.004,
      "new_green": false
    },
    {
      "ticker": "FER",
      "name": "Ferrovial",
      "sector": "Industrials",
      "industry": "Construction & Engineering",
      "mcap": 49546727659.0,
      "flow_score": -0.839,
      "tag": "🔴분산",
      "velocity": null,
      "last": 58.86,
      "obv_norm": -0.177,
      "obv_state": "분산",
      "rs20": -12.9,
      "rs60": -13.7,
      "vol_surge": 0.69,
      "delta": 0.011,
      "new_green": false
    },
    {
      "ticker": "DUK",
      "name": "Duke Energy",
      "sector": "Utilities",
      "industry": "Electric Utilities",
      "mcap": 96560787913.0,
      "flow_score": -0.844,
      "tag": "🔴분산",
      "velocity": null,
      "last": 121.1,
      "obv_norm": -0.22,
      "obv_state": "분산",
      "rs20": -6.8,
      "rs60": -2.3,
      "vol_surge": 0.59,
      "delta": 0.006,
      "new_green": false
    },
    {
      "ticker": "DAL",
      "name": "Delta Air Lines",
      "sector": "Industrials",
      "industry": "Passenger Airlines",
      "mcap": 55305783741.0,
      "flow_score": -0.849,
      "tag": "🔴분산",
      "velocity": null,
      "last": 82.0,
      "obv_norm": -0.154,
      "obv_state": "분산",
      "rs20": -9.6,
      "rs60": 1.7,
      "vol_surge": 0.65,
      "delta": 0.007,
      "new_green": false
    },
    {
      "ticker": "NXPI",
      "name": "NXP Semiconductors",
      "sector": "Information Technology",
      "industry": "Semiconductors",
      "mcap": 79091612144.0,
      "flow_score": -0.857,
      "tag": "🔴분산",
      "velocity": null,
      "last": 224.3,
      "obv_norm": -0.221,
      "obv_state": "분산",
      "rs20": -5.5,
      "rs60": -32.7,
      "vol_surge": 0.47,
      "delta": 0.115,
      "new_green": false
    },
    {
      "ticker": "FIX",
      "name": "Comfort Systems USA",
      "sector": "Industrials",
      "industry": "Construction & Engineering",
      "mcap": 69221289718.0,
      "flow_score": -0.861,
      "tag": "🔴분산",
      "velocity": null,
      "last": 1592.17,
      "obv_norm": -0.241,
      "obv_state": "분산",
      "rs20": -11.3,
      "rs60": -16.3,
      "vol_surge": 0.65,
      "delta": -0.046,
      "new_green": false
    },
    {
      "ticker": "RCL",
      "name": "Royal Caribbean Group",
      "sector": "Consumer Discretionary",
      "industry": "Hotels, Resorts & Cruise Lines",
      "mcap": 83813615193.0,
      "flow_score": -0.865,
      "tag": "🔴분산",
      "velocity": null,
      "last": 286.66,
      "obv_norm": -0.119,
      "obv_state": "분산",
      "rs20": -13.3,
      "rs60": -2.3,
      "vol_surge": 0.49,
      "delta": 0.038,
      "new_green": false
    },
    {
      "ticker": "GOOG",
      "name": "Alphabet Inc. (Class C)",
      "sector": "Communication Services",
      "industry": "Interactive Media & Services",
      "mcap": 4483957417712.0,
      "flow_score": -0.867,
      "tag": "🔴분산",
      "velocity": 0.95,
      "last": 339.34,
      "obv_norm": -0.234,
      "obv_state": "분산",
      "rs20": -8.2,
      "rs60": -7.0,
      "vol_surge": 0.64,
      "delta": -0.362,
      "new_green": false
    },
    {
      "ticker": "ODFL",
      "name": "Old Dominion",
      "sector": "Industrials",
      "industry": "Cargo Ground Transportation",
      "mcap": 45969307878.0,
      "flow_score": -0.867,
      "tag": "🔴분산",
      "velocity": null,
      "last": 201.86,
      "obv_norm": -0.2,
      "obv_state": "분산",
      "rs20": -8.2,
      "rs60": -16.9,
      "vol_surge": 0.64,
      "delta": 0.005,
      "new_green": false
    },
    {
      "ticker": "AFL",
      "name": "Aflac",
      "sector": "Financials",
      "industry": "Life & Health Insurance",
      "mcap": 58772487486.0,
      "flow_score": -0.872,
      "tag": "🔴분산",
      "velocity": null,
      "last": 116.94,
      "obv_norm": -0.349,
      "obv_state": "분산",
      "rs20": -11.6,
      "rs60": -0.2,
      "vol_surge": 0.63,
      "delta": -0.005,
      "new_green": false
    },
    {
      "ticker": "EXC",
      "name": "Exelon",
      "sector": "Utilities",
      "industry": "Electric Utilities",
      "mcap": 46873166390.0,
      "flow_score": -0.876,
      "tag": "🔴분산",
      "velocity": null,
      "last": 44.19,
      "obv_norm": -0.161,
      "obv_state": "분산",
      "rs20": -6.9,
      "rs60": -4.3,
      "vol_surge": 0.54,
      "delta": -0.235,
      "new_green": false
    },
    {
      "ticker": "WDC",
      "name": "Western Digital",
      "sector": "Information Technology",
      "industry": "Technology Hardware, Storage & Peripherals",
      "mcap": 257212139884.0,
      "flow_score": -0.881,
      "tag": "🔴분산",
      "velocity": 0.78,
      "last": 467.18,
      "obv_norm": -0.156,
      "obv_state": "분산",
      "rs20": -17.6,
      "rs60": -23.7,
      "vol_surge": 0.6,
      "delta": -0.182,
      "new_green": false
    },
    {
      "ticker": "CVS",
      "name": "CVS Health",
      "sector": "Health Care",
      "industry": "Health Care Services",
      "mcap": 125449172434.0,
      "flow_score": -0.883,
      "tag": "🔴분산",
      "velocity": null,
      "last": 93.33,
      "obv_norm": -0.264,
      "obv_state": "분산",
      "rs20": -14.0,
      "rs60": -0.2,
      "vol_surge": 0.61,
      "delta": -0.016,
      "new_green": false
    },
    {
      "ticker": "PSA",
      "name": "Public Storage",
      "sector": "Real Estate",
      "industry": "Self-Storage REITs",
      "mcap": 55855399309.0,
      "flow_score": -0.894,
      "tag": "🔴분산",
      "velocity": null,
      "last": 310.52,
      "obv_norm": -0.212,
      "obv_state": "분산",
      "rs20": -7.6,
      "rs60": 0.5,
      "vol_surge": 0.56,
      "delta": -0.341,
      "new_green": false
    },
    {
      "ticker": "AMAT",
      "name": "Applied Materials",
      "sector": "Information Technology",
      "industry": "Semiconductor Materials & Equipment",
      "mcap": 489960292217.0,
      "flow_score": -0.906,
      "tag": "🔴분산",
      "velocity": 0.64,
      "last": 473.35,
      "obv_norm": -0.201,
      "obv_state": "분산",
      "rs20": -10.1,
      "rs60": -7.8,
      "vol_surge": 0.57,
      "delta": -0.012,
      "new_green": false
    },
    {
      "ticker": "APP",
      "name": "AppLovin",
      "sector": "Information Technology",
      "industry": "Application Software",
      "mcap": 157794149538.0,
      "flow_score": -0.917,
      "tag": "🔴분산",
      "velocity": null,
      "last": 322.4,
      "obv_norm": -0.27,
      "obv_state": "분산",
      "rs20": -21.9,
      "rs60": -45.9,
      "vol_surge": 0.55,
      "delta": -0.017,
      "new_green": false
    },
    {
      "ticker": "AON",
      "name": "Aon plc",
      "sector": "Financials",
      "industry": "Insurance Brokers",
      "mcap": 67861937689.0,
      "flow_score": -0.917,
      "tag": "🔴분산",
      "velocity": null,
      "last": 351.09,
      "obv_norm": -0.316,
      "obv_state": "분산",
      "rs20": -6.0,
      "rs60": 8.9,
      "vol_surge": 0.39,
      "delta": 0.083,
      "new_green": false
    },
    {
      "ticker": "ROK",
      "name": "Rockwell Automation",
      "sector": "Industrials",
      "industry": "Electrical Components & Equipment",
      "mcap": 52720487142.0,
      "flow_score": -0.917,
      "tag": "🔴분산",
      "velocity": null,
      "last": 436.29,
      "obv_norm": -0.202,
      "obv_state": "분산",
      "rs20": -12.5,
      "rs60": -7.9,
      "vol_surge": 0.55,
      "delta": 0.0,
      "new_green": false
    },
    {
      "ticker": "JCI",
      "name": "Johnson Controls",
      "sector": "Industrials",
      "industry": "Building Products",
      "mcap": 88356946095.0,
      "flow_score": -0.925,
      "tag": "🔴분산",
      "velocity": null,
      "last": 141.91,
      "obv_norm": -0.212,
      "obv_state": "분산",
      "rs20": -6.6,
      "rs60": -5.8,
      "vol_surge": 0.43,
      "delta": -0.271,
      "new_green": false
    },
    {
      "ticker": "SYY",
      "name": "Sysco",
      "sector": "Consumer Staples",
      "industry": "Food Distributors",
      "mcap": 37632969790.0,
      "flow_score": -0.926,
      "tag": "🔴분산",
      "velocity": null,
      "last": 82.54,
      "obv_norm": -0.227,
      "obv_state": "분산",
      "rs20": -6.5,
      "rs60": 7.3,
      "vol_surge": 0.42,
      "delta": -0.066,
      "new_green": false
    },
    {
      "ticker": "HON",
      "name": "Honeywell",
      "sector": "Industrials",
      "industry": "Industrial Conglomerates",
      "mcap": 145112897301.0,
      "flow_score": -0.928,
      "tag": "🔴분산",
      "velocity": null,
      "last": 218.49,
      "obv_norm": -0.355,
      "obv_state": "분산",
      "rs20": -13.5,
      "rs60": -9.1,
      "vol_surge": 0.53,
      "delta": -0.028,
      "new_green": false
    },
    {
      "ticker": "PEG",
      "name": "Public Service Enterprise Group",
      "sector": "Utilities",
      "industry": "Electric Utilities",
      "mcap": 39810896501.0,
      "flow_score": -0.942,
      "tag": "🔴분산",
      "velocity": null,
      "last": 73.57,
      "obv_norm": -0.464,
      "obv_state": "분산",
      "rs20": -7.4,
      "rs60": -7.8,
      "vol_surge": 0.46,
      "delta": 0.008,
      "new_green": false
    },
    {
      "ticker": "SPG",
      "name": "Simon Property Group",
      "sector": "Real Estate",
      "industry": "Retail REITs",
      "mcap": 68532187696.0,
      "flow_score": -0.95,
      "tag": "🔴분산",
      "velocity": null,
      "last": 214.98,
      "obv_norm": -0.417,
      "obv_state": "분산",
      "rs20": -9.6,
      "rs60": 3.2,
      "vol_surge": 0.49,
      "delta": 0.028,
      "new_green": false
    },
    {
      "ticker": "PCAR",
      "name": "Paccar",
      "sector": "Industrials",
      "industry": "Construction Machinery & Heavy Transportation Equipment",
      "mcap": 62601745333.0,
      "flow_score": -0.957,
      "tag": "🔴분산",
      "velocity": null,
      "last": 126.65,
      "obv_norm": -0.165,
      "obv_state": "분산",
      "rs20": -7.9,
      "rs60": 8.4,
      "vol_surge": 0.47,
      "delta": -0.025,
      "new_green": false
    },
    {
      "ticker": "CSCO",
      "name": "Cisco",
      "sector": "Information Technology",
      "industry": "Communications Equipment",
      "mcap": 471159103462.0,
      "flow_score": -0.961,
      "tag": "🔴분산",
      "velocity": 0.82,
      "last": 111.09,
      "obv_norm": -0.18,
      "obv_state": "분산",
      "rs20": -7.6,
      "rs60": -14.6,
      "vol_surge": 0.44,
      "delta": -0.26,
      "new_green": false
    },
    {
      "ticker": "GWW",
      "name": "W. W. Grainger",
      "sector": "Industrials",
      "industry": "Industrial Machinery & Supplies & Components",
      "mcap": 64465266427.0,
      "flow_score": -0.965,
      "tag": "🔴분산",
      "velocity": null,
      "last": 1322.85,
      "obv_norm": -0.315,
      "obv_state": "분산",
      "rs20": -7.7,
      "rs60": 0.6,
      "vol_surge": 0.44,
      "delta": -0.101,
      "new_green": false
    },
    {
      "ticker": "AMZN",
      "name": "Amazon",
      "sector": "Consumer Discretionary",
      "industry": "Broadline Retail",
      "mcap": 2628929968498.0,
      "flow_score": -0.967,
      "tag": "🔴분산",
      "velocity": 0.98,
      "last": 258.42,
      "obv_norm": -0.369,
      "obv_state": "분산",
      "rs20": -8.2,
      "rs60": 1.0,
      "vol_surge": 0.46,
      "delta": -0.615,
      "new_green": false
    }
  ]
}
